,Status,Batch,pca_browning_score_PC1,pca_browning_score_PC2,lda_browning_score_Brown,lda_browning_score_White,lda_browning_score_Brown_lasso,lda_browning_score_White_lasso,rf_browning_score_Brown,rf_browning_score_White,tabpfn_browning_score_Brown,tabpfn_browning_score_White,lr_browning_score_Brown,lr_browning_score_White,lr_browning_score_Brown_markers,lr_browning_score_White_markers,Composite_Score
Haas2021-Haas2021-X.9..TP_Thermogenesis_RT_A.PG.Quantity,Brown,Haas2021,22.03178357413679,7.937180496532078,1.0,0.0,1.0,0.0,1.0,0.0,0.9993547,0.0006452848,0.99455040938764,0.005449590612359978,0.9904409407670526,0.00955905923294741,35.96896407555831
Haas2021-Haas2021-X.10..TP_Thermogenesis_RT_B.PG.Quantity,Brown,Haas2021,25.30240801509877,9.6174003531924,1.0,0.0,1.0,0.0,0.98,0.02,0.9995092,0.0004907662,0.9937160157336947,0.00628398426630529,0.9951036864084557,0.004896313591544346,40.91980834983934
Haas2021-Haas2021-X.11..TP_Thermogenesis_RT_C.PG.Quantity,Brown,Haas2021,24.758588669917263,8.439827255142552,1.0,0.0,1.0,0.0,0.97,0.03,0.9996687,0.0003312846,0.9907296598917515,0.009270340108248454,0.9900462552814635,0.009953744718536476,39.19841592703887
Haas2021-Haas2021-X.12..TP_Thermogenesis_RT_D.PG.Quantity,Brown,Haas2021,22.72870060724286,10.843831809147328,1.0,0.0,1.0,0.0,0.96,0.04,0.9994646,0.0005354483,0.9916073640464583,0.008392635953541623,0.9872385578618822,0.012761442138117777,39.57253243618079
Haas2022-Haas2022-X.9..2022_TP_Thermogenesis_RT_A.PG.Quantity,Brown,Haas2022,25.814716118449542,11.04501654817811,1.0,0.0,1.0,0.0,1.0,0.0,0.99963504,0.00036496084,0.9991553054933431,0.0008446945066569244,0.987982288953638,0.012017711046361968,42.85973266822836
Haas2022-Haas2022-X.10..2022_TP_Thermogenesis_RT_B.PG.Quantity,Brown,Haas2022,24.55442303300451,11.872987491763887,1.0,0.0,1.0,0.0,0.97,0.03,0.9995454,0.000454619,0.9985197743505794,0.0014802256494206786,0.9925772230408335,0.007422776959166458,42.42741053914569
Haas2022-Haas2022-X.11..2022_TP_Thermogenesis_RT_C.PG.Quantity,Brown,Haas2022,28.138383689969636,11.487396340626889,1.0,0.0,1.0,0.0,0.99,0.01,0.99969625,0.0003037283,0.9972761944210099,0.002723805578990141,0.98114636427018,0.018853635729820017,45.62578001362899
Haas2022-Haas2022-X.12..2022_TP_Thermogenesis_RT_D.PG.Quantity,Brown,Haas2022,28.594529572084536,10.153536925642111,1.0,0.0,1.0,0.0,0.99,0.01,0.9996719,0.00032812057,0.9967238132097354,0.003276186790264614,0.9727389309407417,0.027261069059258267,44.74806649472895
Harney-Harney-LFQ.intensity.DH_EXP169_Bfat_AdLib_Fed_1,Brown,Harney,19.62375977936589,13.830048590930003,1.0,0.0,1.0,0.0,1.0,0.0,0.99957144,0.00042855184,0.9943341329527638,0.005665867047236176,0.9764445185353022,0.023555481464697766,39.453808364737064
Harney-Harney-LFQ.intensity.DH_EXP169_Bfat_AdLib_Fed_2,Brown,Harney,18.19175679919609,12.768220861302689,1.0,0.0,1.0,0.0,0.99,0.01,0.9995549,0.00044511125,0.992883029166794,0.00711697083320599,0.9475925059290148,0.05240749407098521,36.95997764425884
Harney-Harney-LFQ.intensity.DH_EXP169_Bfat_AdLib_Fed_3,Brown,Harney,21.173683232626537,19.840835812186466,1.0,0.0,1.0,0.0,0.96,0.04,0.9993491,0.0006508863,0.9979729325533836,0.0020270674466163863,0.9656773754886561,0.0343226245113439,47.01451904836367
Harney-Harney-LFQ.intensity.DH_EXP169_Bfat_AdLib_Fed_4,Brown,Harney,30.015517609969997,17.33186072749202,1.0,0.0,1.0,0.0,1.0,0.0,0.9995115,0.0004884994,0.9959913380461748,0.004008661953825247,0.9724784710728953,0.027521528927104737,53.34737831720575
Harney-Harney-LFQ.intensity.DH_EXP169_Bfat_AdLib_Fed_5,Brown,Harney,21.686199003461777,12.996703447409866,1.0,0.0,1.0,0.0,0.99,0.01,0.9994836,0.0005164141,0.9949747357616346,0.005025264238365372,0.9795031746593239,0.0204968253406761,40.682902450347775
Johanna-Johanna-LFQ intensity 4442_22_PBS_m,Intermediate,Johanna,-3.8485670683227746,58.520916650709026,1.0,0.0,1.0,0.0,0.77,0.23,0.8157442,0.18425575,0.5959640417671295,0.4040359582328705,0.9316716570699553,0.06832834293004474,60.67234955258393
Johanna-Johanna-LFQ intensity 4443_22_PBS_m,Intermediate,Johanna,-21.33764476531955,29.64530672413505,1.0,0.0,1.0,3.661524453473918e-203,0.82,0.18,0.7828789,0.21712112,0.6282697666115107,0.37173023338848926,0.9843412732970821,0.015658726702917895,14.3076619588155
Johanna-Johanna-LFQ intensity 4444_22_PBS_f,Intermediate,Johanna,-10.898605614084419,7.525668100569551,0.0,1.0,0.0,1.0,0.76,0.24,0.6959304,0.30406958,0.47446292655662137,0.5255370734433786,0.8344664364517027,0.16553356354829735,2.6270624864851326
Johanna-Johanna-LFQ intensity 4445_22_PBS_f,Intermediate,Johanna,-2.2462255737547414,42.50658288277667,1.0,0.0,1.0,0.0,0.81,0.19,0.7031084,0.29689166,0.37073501756153526,0.6292649824384647,0.06917770860203587,0.9308222913979641,46.26035733882425
Johanna-Johanna-LFQ intensity 4446_22_PBS_f,Intermediate,Johanna,-2.9503944030641773,53.740744295776686,1.0,0.0,1.0,0.0,0.63,0.37,0.74772143,0.2522786,0.32720924363974757,0.6727907563602524,0.15080239386236693,0.8491976061376331,56.79034992251483
Johanna-Johanna-LFQ intensity 4453_22_PBS_f,Intermediate,Johanna,-4.129847328518599,41.59388103169713,0.0,1.0,1.0,3.62721482254558e-217,0.76,0.24,0.6524508,0.34754926,0.10060937956186644,0.8993906204381336,0.09660191473755042,0.9033980852624496,43.464033762783174
Johanna-Johanna-LFQ intensity 4454_22_PBS_f,Intermediate,Johanna,1.5003461102343552,42.99091769908787,1.0,0.0,1.0,3.1431811133302987e-187,0.85,0.15,0.8435917,0.15640828,0.5135547758835588,0.4864452241164412,0.9698087425434393,0.030191257456560722,50.491263779519905
Johanna-Johanna-LFQ intensity 4455_22_PBS_f,Intermediate,Johanna,-27.82335992932537,52.00183421802682,0.0,1.0,1.0,7.625319413387737e-297,0.78,0.22,0.7147095,0.28529048,0.5782880674660118,0.4217119325339882,0.9894745285948651,0.010525471405134967,30.17847428870145
Johanna-Johanna-LFQ intensity 4456_22_PBS_m,Intermediate,Johanna,-15.627976115295255,41.97005583087991,0.0,1.0,1.0,0.0,0.66,0.34,0.7124605,0.28753945,0.7294298683608373,0.27057013163916266,0.9777224807516016,0.022277519248398367,32.34207968578233
Johanna-Johanna-LFQ intensity 4457_22_PBS_m,Intermediate,Johanna,-29.32321824433083,26.453468310110193,1.0,0.0,1.0,2.1392637351391018e-157,0.66,0.34,0.6439878,0.35601225,0.46772308591485456,0.5322769140851454,0.7268238766695492,0.2731761233304508,3.1302500955816868
Johanna-Johanna-LFQ intensity 4458_22_PBS_m,Intermediate,Johanna,-20.702651900055827,52.62889446344821,1.0,0.0,1.0,0.0,0.64,0.36,0.72928655,0.27071342,0.452155684873666,0.547844315126334,0.04489897637481011,0.9551010236251899,37.92624253359006
Kristina-Kristina-LFQ intensity CD_eWAT_1_1857,White,Kristina,-70.98453791298938,-29.65351211131949,0.0,1.0,0.0,1.0,0.02,0.98,0.00078412105,0.99921584,0.00447282794770576,0.9955271720522942,0.030220979991986696,0.9697790200080133,-94.63805006196922
Kristina-Kristina-LFQ intensity CD_eWAT_2_2127,White,Kristina,-63.13800872690039,-34.294418164277836,0.0,1.0,0.0,1.0,0.03,0.97,0.00083612057,0.9991639,0.011180523774609097,0.9888194762253909,0.04350404755393911,0.9564959524460609,-91.43242684496134
Kristina-Kristina-LFQ intensity CD_eWAT_3_2145,White,Kristina,-78.96048628258247,-47.84388613447287,0.0,1.0,0.0,1.0,0.04,0.96,0.0010683688,0.99893165,0.010175372437387753,0.9898246275626122,0.044365069482180775,0.9556349305178192,-120.80437240192134
Kristina-Kristina-LFQ intensity CD_eWAT_4_3253,White,Kristina,-80.41805858436362,-47.59224094961947,0.0,1.0,0.0,1.0,0.03,0.97,0.00078567164,0.99921435,0.00915712077611519,0.9908428792238848,0.0641111081123037,0.9358888918876963,-122.0102995111657
Kristina-Kristina-LFQ intensity CD_eWAT_5_4222,White,Kristina,-76.32470305344711,-35.45439733561071,0.0,1.0,0.0,1.0,0.01,0.99,0.000740271,0.9992597,0.005617544796877927,0.9943824552031221,0.046802316758554285,0.9531976832414457,-105.77910040774248
Kristina-Kristina-LFQ intensity HFD_CD_eWAT_1_1096,White,Kristina,-64.57831317811963,-32.01272676855794,0.0,1.0,0.0,1.0,0.02,0.98,0.0009425614,0.9990574,0.005188613822852739,0.9948113861771473,0.021315541182397535,0.9786844588176025,-90.59103997310385
Kristina-Kristina-LFQ intensity HFD_CD_eWAT_2_1544,White,Kristina,-43.91396889443681,-9.620836262018386,0.0,1.0,0.0,1.0,0.03,0.97,0.0008145184,0.9991855,0.007243687066040838,0.9927563129339592,0.02679530855010126,0.9732046914498987,-47.53480513550044
Kristina-Kristina-LFQ intensity HFD_CD_eWAT_3_2005,White,Kristina,-83.02490780164784,-43.40460464799101,0.0,1.0,0.0,1.0,0.04,0.96,0.0010174968,0.99898255,0.008448706155974262,0.9915512938440257,0.07556676617684988,0.9244332338231501,-120.42951240412046
Kristina-Kristina-LFQ intensity HFD_CD_eWAT_4_3416,White,Kristina,-78.69132838978659,-45.59260351014454,0.0,1.0,0.0,1.0,0.03,0.97,0.0009957489,0.9990043,0.005932602178043478,0.9940673978219565,0.02618118722050522,0.9738188127794948,-118.28393184661292
Kristina-Kristina-LFQ intensity HFD_CD_eWAT_5_4224,White,Kristina,-68.12513399604258,-13.714225223531603,0.0,1.0,0.0,1.0,0.01,0.99,0.0009626465,0.9990374,0.005822388999754069,0.9941776110002459,0.039919631809863465,0.9600803681901365,-75.83935918808383
Kristina-Kristina-LFQ intensity HFD_eWAT_1_1106,White,Kristina,-40.3117194775119,-3.1519935539058026,0.0,1.0,0.0,1.0,0.04,0.96,0.0010775488,0.99892247,0.010038962004501273,0.9899610379954987,0.05570538066897057,0.9442946193310294,-37.46371301535239
Kristina-Kristina-LFQ intensity HFD_eWAT_2_1541,White,Kristina,-38.37053047196322,-13.154632073250575,0.0,1.0,0.0,1.0,0.08,0.92,0.0013500098,0.99865,0.005818838738940846,0.9941811612610592,0.012547412603557295,0.9874525873964427,-45.52516252099941
Kristina-Kristina-LFQ intensity HFD_eWAT_3_2002,White,Kristina,-39.752776432994374,5.151898977452432,0.0,1.0,0.0,1.0,0.08,0.92,0.0010546835,0.99894536,0.00600164135157788,0.9939983586484221,0.04209701791653453,0.9579029820834655,-28.600877416659223
Kristina-Kristina-LFQ intensity HFD_eWAT_4_3421,White,Kristina,-32.47475675201422,2.2297490095778683,0.0,1.0,0.0,1.0,0.1,0.9,0.0017470636,0.9982529,0.02217698501488574,0.9778230149851143,0.02306651707586682,0.9769334829241332,-24.245007750585426
Kristina-Kristina-LFQ intensity HFD_eWAT_5_4226,White,Kristina,-17.484798986408254,0.04646898435526483,0.0,1.0,0.0,1.0,0.06,0.94,0.0019339337,0.99806607,0.0274303683598085,0.9725696316401915,0.2124431455798842,0.7875568544201158,-11.438330000656006
Kristina-Kristina-LFQ intensity CD_iWAT_1_1427,Intermediate,Kristina,-50.66200541152431,-21.124575137844353,0.0,1.0,1.0,0.0,0.37,0.63,0.19833705,0.8016629,0.22435225478505894,0.7756477452149411,0.020139865383499655,0.9798601346165003,-65.78658057917099
Kristina-Kristina-LFQ intensity CD_iWAT_2_1857,Intermediate,Kristina,-49.23205145808191,-19.23322167491181,0.0,1.0,1.0,0.0,0.35,0.65,0.21346025,0.7865397,0.166842777181899,0.833157222818101,0.04646319365239737,0.9535368063476026,-62.465273207499536
Kristina-Kristina-LFQ intensity CD_iWAT_3_2127,Intermediate,Kristina,-45.08780303566848,-16.156165707073008,1.0,0.0,1.0,0.0,0.5,0.5,0.3128,0.6872,0.6049085404503108,0.39509145954968916,0.6235199109978227,0.3764800890021774,-55.24396874274149
Kristina-Kristina-LFQ intensity CD_iWAT_4_2145,Intermediate,Kristina,-47.30104428911525,-33.7516203482398,0.0,1.0,1.0,0.0,0.43,0.57,0.28149757,0.7185024,0.9393693572332689,0.060630642766731156,0.9937680593695646,0.006231940630435374,-75.05266466715737
Kristina-Kristina-LFQ intensity CD_iWAT_5_3253,Intermediate,Kristina,-55.75071893543354,-29.748853611385233,1.0,0.0,1.0,0.0,0.32,0.68,0.18731074,0.81268924,0.3040305037003841,0.6959694962996159,0.048854144903155095,0.9511458550968449,-79.49957256171993
Kristina-Kristina-LFQ intensity CD_iWAT_6_4222,Intermediate,Kristina,-65.35111249318281,-31.398212301691604,0.0,1.0,1.0,0.0,0.29,0.71,0.2063164,0.7936835,0.23293541309826493,0.7670645869017351,0.06891832526372865,0.9310816747362713,-90.74932486938022
Kristina-Kristina-LFQ intensity HFD_CD_iWAT_1_1096,Intermediate,Kristina,-68.83307748690049,-39.9717244457631,0.0,1.0,1.0,0.0,0.23,0.77,0.13426085,0.86573917,0.13595994005603662,0.8640400599439634,0.01940523250869175,0.9805947674913083,-102.80480191776243
Kristina-Kristina-LFQ intensity HFD_CD_iWAT_2_1544,Intermediate,Kristina,-51.66590726923214,-24.74124422883602,1.0,0.0,1.0,0.0,0.34,0.66,0.23417906,0.765821,0.19274531158198727,0.8072546884180127,0.026468307954284676,0.9735316920457153,-70.40715145336468
Kristina-Kristina-LFQ intensity HFD_CD_iWAT_3_2005,Intermediate,Kristina,-49.71239673278249,-26.167622403065522,0.0,1.0,1.0,2.2390889951039523e-217,0.47,0.53,0.23805547,0.76194453,0.26518108802947815,0.7348189119705218,0.07768165607108213,0.9223183439289179,-69.88001913584802
Kristina-Kristina-LFQ intensity HFD_CD_iWAT_4_2179,Intermediate,Kristina,-38.812301685645025,-19.64378073444153,0.0,1.0,1.0,0.0,0.58,0.42,0.25992027,0.74007976,0.8769133383570914,0.1230866616429086,0.9849141643719849,0.01508583562801517,-52.45608239028424
Kristina-Kristina-LFQ intensity HFD_CD_iWAT_5_3416,Intermediate,Kristina,-54.13413691554697,-34.556926036044274,1.0,0.0,1.0,0.0,0.29,0.71,0.1723318,0.8276682,0.19112909282301704,0.808870907176983,0.02493924011160764,0.9750607598883924,-82.69106296649241
Kristina-Kristina-LFQ intensity HFD_CD_iWAT_6_4224,Intermediate,Kristina,-66.96528867779494,-41.30068535866193,0.0,1.0,1.0,0.0,0.25,0.75,0.2127633,0.7872367,0.13672526831130138,0.8632747316886986,0.040536818977035094,0.9594631810229649,-102.26597405135803
Kristina-Kristina-LFQ intensity HFD_iWAT_1_1106,Intermediate,Kristina,-76.60284655281637,-38.69478226121318,1.0,0.0,0.0,1.0,0.28,0.72,0.18590444,0.81409556,0.2622060610030539,0.7377939389969461,0.8659014517622449,0.13409854823775513,-109.29762881402955
Kristina-Kristina-LFQ intensity HFD_iWAT_2_1541,Intermediate,Kristina,-34.480069410946804,-8.412595155698497,1.0,0.0,1.0,0.0,0.43,0.57,0.36266297,0.6373371,0.17970894678419136,0.8202910532158086,0.009120024932877446,0.9908799750671226,-36.89266450704066
Kristina-Kristina-LFQ intensity HFD_iWAT_3_2002,Intermediate,Kristina,-39.09369868376379,-15.72940989391616,1.0,0.0,1.0,0.0,0.43,0.57,0.31281078,0.6871893,0.20230288889110737,0.7976971111088926,0.022378234470669445,0.9776217655293306,-48.8231085180753
Kristina-Kristina-LFQ intensity HFD_iWAT_4_2172,Intermediate,Kristina,-27.589105399435564,-16.806425792300814,1.0,0.0,1.0,0.0,0.46,0.54,0.3358118,0.6641882,0.39547265021279454,0.6045273497872055,0.029429285114798254,0.9705707148852017,-38.39553119173638
Kristina-Kristina-LFQ intensity HFD_iWAT_5_3421,Intermediate,Kristina,-35.63987976718752,-9.81600355473283,0.0,1.0,1.0,0.0,0.42,0.58,0.3036036,0.6963964,0.36597858295728747,0.6340214170427125,0.4136531978047908,0.5863468021952092,-39.45588332192035
Kristina-Kristina-LFQ intensity HFD_iWAT_6_4226,Intermediate,Kristina,-42.13031652019525,-22.406379466052883,1.0,0.0,0.0,1.0,0.3,0.7,0.21100852,0.7889915,0.2130309976405209,0.7869690023594791,0.34236057498147765,0.6576394250185224,-58.53669595644581
Melina-Melina-RT1,Brown,Melina,76.01431942682036,-53.67091119281817,1.0,0.0,1.0,0.0,0.98,0.02,0.99941695,0.0005830336,0.9928077543507507,0.007192245649249255,0.9838414241014553,0.01615857589854475,28.343408214968292
Melina-Melina-RT2,Brown,Melina,80.24194280445246,-48.24547770553229,1.0,0.0,1.0,0.0,0.98,0.02,0.9995338,0.00046627223,0.9937882305064263,0.006211769493573679,0.9749841654343546,0.02501583456564538,37.99646514362366
Melina-Melina-RT3,Brown,Melina,76.72564357499736,-61.29434444346837,1.0,0.0,1.0,0.0,0.98,0.02,0.9995417,0.00045830323,0.9989376871186596,0.001062312881340441,0.9950353732846743,0.0049646267153257645,21.431299134643105
Melina-Melina-RT4,Brown,Melina,80.26247534748309,-63.361316586674995,1.0,0.0,1.0,0.0,1.0,0.0,0.99962354,0.00037650295,0.9990683184194534,0.0009316815805465583,0.9778998991845075,0.022100100815492508,22.90115880082586
Melina-Melina-RT5,Brown,Melina,86.25883109176766,-61.15338262659088,1.0,0.0,1.0,0.0,0.99,0.01,0.9995314,0.00046861256,0.9978650558472785,0.002134944152721573,0.9934686238188147,0.006531376181185316,31.10544846602079
Melina-Melina-RT6,Brown,Melina,84.42955619692198,-66.1634802589622,1.0,0.0,1.0,0.0,0.98,0.02,0.99957323,0.00042673957,0.9982424540221004,0.0017575459778995592,0.9897355073780361,0.01026449262196399,24.266075908273876
Melina-Melina-Cold1,Brown,Melina,84.96230418168477,-59.232241889467694,1.0,0.0,1.0,0.0,0.99,0.01,0.99958557,0.00041446925,0.9983333199189641,0.0016666800810358313,0.9816928241535066,0.018307175846493468,31.7300623303722
Melina-Melina-Cold2,Brown,Melina,86.5666673200192,-63.1589688081725,1.0,0.0,1.0,0.0,0.99,0.01,0.99957967,0.00042030666,0.9992737243474504,0.0007262756525496238,0.9948661697488276,0.0051338302511723995,29.407698486555475
Melina-Melina-Cold3,Brown,Melina,86.43308299485517,-64.43277255942454,1.0,0.0,1.0,0.0,1.0,0.0,0.9995639,0.0004361247,0.9981399961094489,0.0018600038905510488,0.993409320472029,0.006590679527970967,28.00031043295681
Melina-Melina-Cold4,Brown,Melina,87.12567327604553,-68.27229922818437,1.0,0.0,1.0,0.0,0.98,0.02,0.9995103,0.00048973336,0.9984123097165802,0.001587690283419744,0.9944632208865142,0.005536779113485773,24.85337406945621
Melina-Melina-Cold5,Brown,Melina,89.47996459055352,-68.29754873563691,1.0,0.0,1.0,0.0,0.99,0.01,0.99953485,0.00046514376,0.9982051706337756,0.0017948293662244132,0.9822645107214579,0.01773548927854207,27.18241584403178
Melina-Melina-Cold6,Brown,Melina,84.92193580393116,-69.80221339296995,1.0,0.0,1.0,0.0,0.99,0.01,0.99950856,0.0004914146,0.9979241034870556,0.0020758965129444255,0.9950374314246617,0.0049625685753382385,21.119722385291638
Oeckl-Oeckl-iBAT.T23.WT_1,Brown,Oeckl,22.478282336475157,11.03640909361526,1.0,0.0,1.0,0.0,1.0,0.0,0.9996897,0.00031030577,0.9963084442646413,0.003691555735358786,0.9960825893151559,0.003917410684844041,39.51469143407764
Oeckl-Oeckl-iBAT.T23.WT_2,Brown,Oeckl,22.415138224513854,12.020409501001488,1.0,0.0,1.0,0.0,1.0,0.0,0.99969435,0.00030566342,0.9964301387190119,0.0035698612809880984,0.9953403157015785,0.004659684298421441,40.43554773631286
Oeckl-Oeckl-iBAT.T23.WT_3,Brown,Oeckl,22.111614131805865,11.260671388960407,1.0,0.0,1.0,0.0,0.98,0.02,0.9996769,0.00032310837,0.9971231119936443,0.002876888006355694,0.9952326685438793,0.004767331456120726,39.37228551235526
Oeckl-Oeckl-iBAT.T23.WT_4,Brown,Oeckl,22.310590825049925,10.228846162060654,1.0,0.0,1.0,0.0,0.99,0.01,0.9996662,0.00033379052,0.997998476442959,0.002001523557040991,0.9959498805966037,0.004050119403396249,38.53943699162167
Oeckl-Oeckl-iWAT.T23.WT_1,Intermediate,Oeckl,20.57642028760818,18.103928899869572,1.0,0.0,0.9999999999999983,1.6255128821513352e-15,0.93,0.07,0.9968008,0.0031992309,0.6053820264716852,0.3946179735283148,0.8663528845703035,0.1336471154296965,44.68034919865362
Oeckl-Oeckl-iWAT.T23.WT_2,Intermediate,Oeckl,20.12846364083626,18.0809086080604,1.0,0.0,0.0,1.0,0.92,0.08,0.99547243,0.0045275525,0.5702438350522243,0.42975616494777563,0.8375798035134886,0.16242019648651138,44.20937223259851
Oeckl-Oeckl-iWAT.T23.WT_3,Intermediate,Oeckl,19.808843979294366,17.636153298788315,1.0,0.0,0.0,1.0,0.94,0.06,0.9969786,0.003021434,0.5397233844418883,0.4602766155581117,0.7301893484944386,0.2698106515055613,43.44499729298384
Oeckl-Oeckl-iWAT.T23.WT_4,Intermediate,Oeckl,19.750404548186758,18.291216189935025,1.0,0.0,0.0,1.0,0.93,0.07,0.99536127,0.0046387296,0.47026086507977716,0.5297391349202228,0.8572182217942543,0.1427817782057457,44.041620736259134
Rhabi-Rhabi-VEH1W,Intermediate,Rhabi,9.100273594569638,22.80553961964039,1.0,0.0,1.0,0.0,0.88,0.12,0.99503225,0.0049677975,0.2825492222869289,0.7174507777130711,0.6087914770301786,0.39120852296982145,37.9058132626388
Rhabi-Rhabi-VEH2W,Intermediate,Rhabi,9.2685877162017,23.767656734389103,1.0,0.0,1.0,0.0,0.85,0.15,0.995736,0.0042639766,0.2749825951914818,0.7250174048085182,0.6456628429369897,0.3543371570630103,39.0362444301017
Rhabi-Rhabi-VEH3W,Intermediate,Rhabi,8.024467253515466,22.806355828801127,1.0,0.0,1.0,0.0,0.87,0.13,0.9963943,0.0036057774,0.32021640666135165,0.6797835933386484,0.7785486187053171,0.22145138129468286,36.8308231363333
Rhabi-Rhabi-VEH4W,Intermediate,Rhabi,7.906361288456313,23.7129674844702,1.0,0.0,1.0,0.0,0.9,0.1,0.99522555,0.004774507,0.3075543132154003,0.6924456867845997,0.5938126422797066,0.40618735772029335,37.61932882880587
Rhabi-Rhabi-VEH5W,Intermediate,Rhabi,7.736310671314725,23.527187865746306,1.0,0.0,1.0,0.0,0.92,0.08,0.9956734,0.004326577,0.30578903994534123,0.6942109600546588,0.4400148127107204,0.5599851872892796,37.26349853193876
Rhabi-Rhabi-VEH1B,Brown,Rhabi,11.022084586610445,22.412824262883667,1.0,0.0,1.0,0.0,0.97,0.03,0.99949795,0.00050210225,0.9958599334334172,0.004140066566582872,0.9453241984242335,0.054675801575766445,39.4349089018228
Rhabi-Rhabi-VEH2B,Brown,Rhabi,11.910938494167329,22.493152316549452,1.0,0.0,1.0,0.0,0.98,0.02,0.9995188,0.0004811932,0.9947542386482124,0.0052457613517875685,0.9660895108844142,0.03391048911558582,40.404090815606224
Rhabi-Rhabi-VEH3B,Brown,Rhabi,10.95319541254696,20.95060001787563,1.0,0.0,1.0,0.0,0.98,0.02,0.99948215,0.0005178555,0.9952722652017711,0.0047277347982288935,0.9847922953573887,0.01520770464261131,37.903795440783554
Rhabi-Rhabi-VEH4B,Brown,Rhabi,10.250299676264872,21.535165768170067,1.0,0.0,1.0,0.0,0.98,0.02,0.9994982,0.0005018065,0.9963156725781172,0.003684327421882823,0.9624110997409038,0.03758890025909618,37.78546543942908
Rhabi-Rhabi-VEH5B,Brown,Rhabi,11.000485213591059,20.996083934657847,1.0,0.0,1.0,0.0,0.98,0.02,0.99953264,0.0004674036,0.9959153102428175,0.004084689757182438,0.9622481135805789,0.03775188641942107,37.99656919181734
WangBAT-WangBAT-Intensity of BAT_CD1,Brown,WangBAT,20.863713598929994,27.46053491847595,1.0,0.0,1.0,0.0,1.0,0.0,0.9995836,0.00041642488,0.9969890735769938,0.0030109264230061,0.9783465729824334,0.02165342701756656,54.32424854423968
WangBAT-WangBAT-Intensity of BAT_CD2,Brown,WangBAT,19.77262417283445,26.80291152399989,1.0,0.0,1.0,0.0,1.0,0.0,0.99966395,0.00033604505,0.9968831243776675,0.0031168756223325677,0.9699037204487276,0.030096279551272354,52.575535690897155
WangBAT-WangBAT-Intensity of BAT_CD3,Brown,WangBAT,20.722267253531054,27.715704633260213,1.0,0.0,1.0,0.0,1.0,0.0,0.9996228,0.00037717074,0.9972901853646415,0.002709814635358422,0.9737432747864638,0.02625672521353622,54.43797187934069
WangBAT-WangBAT-Intensity of BAT_CD4,Brown,WangBAT,21.04594389859192,27.344792407685645,1.0,0.0,1.0,0.0,1.0,0.0,0.99961853,0.00038145468,0.9973676783243023,0.002632321675697753,0.9772439789352306,0.02275602106476932,54.39073629123088
WangBAT-WangBAT-Intensity of BAT_CD5,Brown,WangBAT,20.957533994125246,28.068952169432475,1.0,0.0,1.0,0.0,1.0,0.0,0.9996452,0.0003548027,0.9975835370385068,0.0024164629614932356,0.9790934528673307,0.020906547132669248,55.026486139808995
WangBAT-WangBAT-Intensity of BAT_HFD1,Brown,WangBAT,22.248323426076517,27.83304248376872,1.0,0.0,1.0,0.0,0.99,0.01,0.99959004,0.00040998188,0.998714284629884,0.001285715370116012,0.9937188531574116,0.006281146842588415,56.08136593097461
WangBAT-WangBAT-Intensity of BAT_HFD2,Brown,WangBAT,23.797088515637586,26.681169525557106,1.0,0.0,1.0,0.0,0.98,0.02,0.99968475,0.0003152638,0.9986580850036049,0.0013419149963951786,0.9915498558045933,0.008450144195406723,56.478258056037646
WangBAT-WangBAT-Intensity of BAT_HFD3,Brown,WangBAT,23.393376346746727,27.080991918799665,1.0,0.0,1.0,0.0,0.99,0.01,0.9995874,0.00041257142,0.9987152929267167,0.0012847070732832754,0.9948964129299134,0.005103587070086589,56.47436825361382
WangBAT-WangBAT-Intensity of BAT_HFD4,Brown,WangBAT,21.495579113053154,27.88474860048806,1.0,0.0,1.0,0.0,0.99,0.01,0.999676,0.00032405028,0.9986652194245306,0.00133478057546947,0.9902313168387816,0.009768683161218412,55.3803277529769
WangBAT-WangBAT-Intensity of BAT_HFD5,Brown,WangBAT,23.13144967136168,26.603191149927707,1.0,0.0,1.0,0.0,1.0,0.0,0.999689,0.00031103098,0.9988387218602924,0.0011612781397076105,0.9889559431156506,0.011044056884349392,55.734640835230124
WangWAT-WangWAT-Intensity of sWAT_CD1,Intermediate,WangWAT,10.551832193349124,30.863133682764442,1.0,0.0,1.0,0.0,0.95,0.05,0.9971247,0.0028753574,0.6884315095769079,0.3115684904230921,0.9722527668027435,0.027747233197256464,47.41496590545023
WangWAT-WangWAT-Intensity of sWAT_CD2,Intermediate,WangWAT,13.239864100932525,31.748344262942364,1.0,0.0,1.0,0.0,0.96,0.04,0.9976765,0.0023235173,0.6854907353162897,0.3145092646837103,0.9615944998923652,0.038405500107634744,50.988208372955285
WangWAT-WangWAT-Intensity of sWAT_CD3,Intermediate,WangWAT,13.458624120422959,33.65676282790758,1.0,0.0,1.0,0.0,0.98,0.02,0.9967624,0.0032376095,0.5811737560952073,0.41882624390479267,0.9773310937642165,0.022668906235783513,53.11538695275432
WangWAT-WangWAT-Intensity of sWAT_CD4,Intermediate,WangWAT,14.207894580150171,30.970179669087386,1.0,0.0,1.0,0.0,0.94,0.06,0.99549973,0.004500279,0.743428886693631,0.25657111330636895,0.9874891339567234,0.012510866043276522,51.17807425855078
WangWAT-WangWAT-Intensity of sWAT_CD5,Intermediate,WangWAT,11.33766189111222,27.37203249157833,1.0,0.0,1.0,0.0,0.93,0.07,0.98654246,0.013457579,0.5054926126610602,0.49450738733893984,0.9795392677196815,0.02046073228031853,44.709694424600066
WangWAT-WangWAT-Intensity of sWAT_HFD1,Intermediate,WangWAT,10.298149155277741,32.35113131767395,1.0,0.0,1.0,0.0,0.93,0.07,0.9941019,0.0058981236,0.677101873584355,0.32289812641564497,0.9599722888933162,0.04002771110668374,48.64928047853963
WangWAT-WangWAT-Intensity of sWAT_HFD2,Intermediate,WangWAT,10.910369360315283,32.71762825054544,1.0,0.0,1.0,0.0,0.89,0.11,0.99537677,0.0046232305,0.7198374752341403,0.2801625247658596,0.9526229790049102,0.04737702099508974,49.62799760713543
WangWAT-WangWAT-Intensity of sWAT_HFD3,Intermediate,WangWAT,10.911798643811379,33.30727382432426,1.0,0.0,1.0,0.0,0.9,0.1,0.99646676,0.003533255,0.45720407727182144,0.5427959227281786,0.9089614774333985,0.09103852256660147,50.21907247907868
WangWAT-WangWAT-Intensity of sWAT_HFD4,Intermediate,WangWAT,8.022987385595972,35.8829931867166,1.0,0.0,1.0,7.242403188962291e-60,0.93,0.07,0.9940666,0.005933409,0.26350244807310597,0.736497551926894,0.7828044902831931,0.2171955097168069,49.905980577434846
WangWAT-WangWAT-Intensity of sWAT_HFD5,Intermediate,WangWAT,9.829244881378202,33.052432615915684,1.0,0.0,1.0,0.0,0.94,0.06,0.99548316,0.0045168656,0.43821369713841807,0.5617863028615819,0.9145650639623749,0.08543493603762507,48.88167752290526
