,VEH1W
,12.28075397
A2m,19.9484641
Aacs,17.20509014
Aak1,16.31978963
Aamdc,15.66678999
Aars,18.4092595
Aarsd1,15.3410676
Abcb1a,16.96862269
Abcb6,13.29886019
Abcb7,14.32042507
Abcb8,14.6671048
Abcc1,16.22437715
Abcc9,12.00798034
Abcd1,15.22949714
Abcd2,18.82120751
Abcd3,16.39022373
Abce1,17.07490074
Abcf1,17.19658765
Abcf2,15.93151734
Abcf3,15.87325557
Abhd11,15.39871378
Abhd12,16.01926652
Abhd14b,16.94781897
Abhd15,14.86166431
Abhd16a,17.37568158
Abhd4,15.94612996
Abhd5,16.37227124
Abhd6,16.34273051
Abi1,17.33903154
Abi3,15.40620862
Ablim1,17.73664677
Ablim3,15.65143237
Acaa1a,18.53097441
Acaa2,19.02870727
Acaca,19.87008693
Acacb,14.71663958
Acad10,15.87051861
Acad11,17.37449832
Acad8,16.15481476
Acad9,17.16753686
Acadl,19.17803037
Acadm,19.16956142
Acads,18.52146022
Acadsb,17.40597391
Acadvl,19.03681877
Acap2,16.49780878
Acat1,19.15644352
Acat2,17.14163854
Acbd3,16.85868864
Acbd5,15.12559735
Acin1,16.82383395
Acly,19.62035967
Aco1,18.45276347
Aco2,19.56089895
Acot1,14.81035087
Acot13,15.63322792
Acot7,14.71561913
Acot9,17.6456421
Acox1,18.07782145
Acox3,15.54109535
Acp1,15.35762429
Acp6,15.61616952
Acsf2,16.94233865
Acsf3,14.77677209
Acsl1,20.39451337
Acsl5,16.53008067
Acss1,13.4608741
Acss2,16.20432947
Acss3,16.79251199
Acta1,12.84782035
Acta2,13.37594679
Actb,21.72979145
Actc1,18.78511813
Actl6a,16.38503155
Actn1,18.84389373
Actn4,20.50409741
Actr10,16.91499584
Actr1a,17.34311564
Actr1b,12.11105802
Actr2,18.67142469
Actr3,19.03730077
Acy1,15.78780548
Acy3,16.25804961
Acyp1,15.84976703
Acyp2,17.69344933
Adam10,14.89436098
Adam15,15.0998616
Adam17,15.19099025
Adam9,13.2972125
Adcy5,14.69478519
Add1,17.56386741
Add3,16.42646534
Adh1,17.91025479
Adh5,18.26987932
Adhfe1,15.39129675
Adi1,13.64038052
Adipoq,18.16583851
Adk,18.25100162
Adnp,10.72764155
Ado,15.76659358
Adprh,17.07607753
Adprhl2,14.57385919
Adrb3,15.115758
Adrm1,15.40843036
Adsl,16.30526573
Adss,16.69391281
Adssl1,15.11194148
Afg3l1,11.53788548
Afg3l2,17.95207129
Afm,16.02656403
Agap3,13.80552704
Agfg1,16.53907939
Agfg2,14.36680249
Agk,14.53111699
Ago2,15.93413669
Ago3,13.55865371
Agpat2,17.83091902
Agpat3,17.56862633
Agpat6,14.82587541
Agpat9,16.70955474
Agrn,13.52816758
Agt,16.24867851
Ahcy,18.70813566
Ahcyl1,15.88468479
Ahcyl2,17.93864265
Ahsa1,17.0436536
Ahsg,19.30738483
Ahsp,11.22168124
Aifm1,17.72092014
Aifm2,17.93411166
Aimp1,17.3938743
Aimp2,16.73848979
Aip,15.89755344
Ak1,16.18051206
Ak2,18.89655533
Ak3,18.44858309
Ak4,12.82712415
Akap1,13.97591344
Akap10,13.88350579
Akap12,19.1257736
Akap13,16.04204522
Akap2,17.77905549
Akap9,12.48334385
Akr1a1,19.14128301
Akr1b1,18.33149209
Akr1b7,15.56888035
Akr1b8,16.51109988
Akr1c13,16.30164892
Akr1e2,15.24437506
Akr7a2,16.65210239
Akt1,15.0411288
Akt1s1,14.66455413
Akt2,17.55627035
Alad,16.87079623
Alb,23.50954372
Aldh16a1,16.63270752
Aldh1a1,18.78766379
Aldh1a7,17.3321352
Aldh1l1,19.78721635
Aldh2,19.3973671
Aldh3a2,16.81213012
Aldh3b2,17.31842024
Aldh4a1,18.24807227
Aldh5a1,16.26848125
Aldh6a1,19.87260547
Aldh7a1,17.59746513
Aldh9a1,17.84647191
Aldoa,20.46730714
Alg1,13.32204289
Alg5,16.28803994
Alg9,14.72873286
Alyref,15.22548005
Ambp,14.37417797
Amdhd2,15.77371996
Ampd2,14.23346707
Ampd3,16.41810943
Ank1,18.45133317
Ank2,14.5574756
Ankfy1,17.07611025
Anks1a,14.87434343
Ano10,17.10760524
Ano6,14.46580483
Ano8,10.7913603
Anp32a,17.1971299
Anp32b,15.77183912
Anpep,18.86719409
Anxa1,20.19210399
Anxa11,17.40082395
Anxa2,21.75333709
Anxa3,19.28508564
Anxa4,18.4459723
Anxa5,20.04421225
Anxa6,21.19507529
Anxa7,18.155726
Aoc3,20.08891145
Aox1,15.61662555
Ap1b1,16.75451969
Ap1g1,15.87303757
Ap1m1,17.28749264
Ap2a1,16.67654804
Ap2a2,18.53024617
Ap2b1,18.6058362
Ap2m1,17.79070305
Ap2s1,15.41300473
Ap3b1,18.00048742
Ap3d1,17.4608415
Ap3s1,15.75107793
Apbb1ip,15.84909371
Apeh,18.04193916
Apex1,16.87996465
Api5,16.98930318
Apip,15.11122616
Aplp2,12.91561798
Apmap,18.45706167
Apoa1,20.39795995
Apoa1bp,16.29883604
Apoa2,16.2391038
Apoa4,19.97524186
Apob,15.16887535
Apoc1,15.79635909
Apoc3,12.9934604
Apod,14.00548891
Apoe,18.78137116
Apoh,18.18533388
Apoo,15.09583828
Apool,16.44665575
Appl1,17.18105227
Aprt,15.73563277
Aqp1,14.55465676
Araf,15.01210905
Arap1,17.26998134
Arcn1,18.13070853
Arf1,17.65674321
Arf4,16.2586471
Arf5,15.12833825
Arf6,14.18726141
Arfgap1,14.78812616
Arfgap2,16.18144888
Arfgef2,16.23858521
Arglu1,16.07046889
Arhgap1,17.2151298
Arhgap17,16.41279958
Arhgap18,16.6533687
Arhgap24,11.68907082
Arhgap29,13.36380674
Arhgap31,13.41042806
Arhgap5,13.44070908
Arhgdia,19.21489141
Arhgdib,17.30687746
Arhgef1,17.08525301
Arhgef12,15.25804079
Arhgef2,17.16977393
Arhgef7,16.2149702
Arid1a,15.45276657
Arih2,12.01387311
Arl2,14.34215558
Arl3,15.26578716
Arl6ip1,15.27834294
Arl6ip5,15.11196976
Arl6ip6,13.78939147
Arl8b,15.2500046
Armc1,14.10491792
Armc10,14.24555645
Armc6,13.83240364
Armt1,13.69909784
Arpc1a,13.85815059
Arpc1b,18.09285415
Arpc2,18.48781281
Arpc3,16.38148109
Arpc4,17.71328907
Arpc5,17.78731361
Arpc5l,15.48810297
Arpin,13.8629599
Arpp19,14.70791685
Arrb1,17.7471034
Arsa,15.59897186
Arsb,13.86378955
Art3,16.1439701
Asah1,17.66218874
Asl,17.51075574
Asna1,15.60858254
Asns,16.23331947
Aspa,15.71885766
Asph,18.79727596
Aspn,17.43051504
Aspscr1,16.45248774
Asrgl1,17.08596968
Ass1,16.69480388
Atad1,14.74674214
Atad3,16.31313965
Ate1,13.66372626
Atg3,15.56459422
Atic,18.53734595
Atl2,16.36557836
Atl3,17.31041866
Atox1,16.7368802
Atp12a,12.03732941
Atp13a1,16.98644759
Atp1a1,19.01731186
Atp1a2,17.96438086
Atp1b3,16.53779936
Atp2a2,19.25853056
Atp2a3,15.66971778
Atp2b1,16.75496125
Atp2b4,18.26584419
Atp5a1,19.84687726
Atp5b,19.91894775
Atp5c1,18.43793714
Atp5d,16.18654942
Atp5e,15.36255948
Atp5f1,17.99677065
Atp5h,18.70710784
Atp5i,16.82929719
Atp5j,16.72287983
Atp5j2,15.19938848
Atp5l,16.52252658
Atp5o,17.76405627
Atp6v0a1,17.69733913
Atp6v0a2,12.34427783
Atp6v0d1,17.00037696
Atp6v1a,18.6706925
Atp6v1b2,17.9794134
Atp6v1c1,17.77232356
Atp6v1d,16.06829233
Atp6v1e1,17.81027839
Atp6v1f,15.36127542
Atp6v1g1,16.91944354
Atp6v1h,16.49743563
Atpaf1,14.19156946
Atpif1,16.10964597
Atxn10,16.11094762
Atxn2,16.57178605
Atxn2l,16.02001122
Auh,16.98743061
Aup1,15.23487182
Azgp1,16.40332391
B2m,17.70551987
Babam1,14.19267497
Bag1,16.4846214
Bag3,17.31988539
Bag5,16.41752044
Bag6,16.95541275
Bak1,14.50153021
Basp1,17.51527314
Bax,15.85456328
Baz1b,15.61597634
Bcam,16.60945601
Bcap29,16.23851157
Bcap31,19.87376739
Bcas2,14.21535419
Bcat2,17.52571298
Bche,14.16680495
Bckdha,16.76038503
Bckdhb,13.84406132
Bckdk,14.14690013
Bcl2l1,13.96450838
Bcl2l13,16.85941187
Bclaf1,16.67274843
Bcs1l,14.34227829
Bet1,14.3706685
Bfar,13.91109235
Bgn,17.69196338
Bicd2,15.31740839
Bin1,16.32714121
Birc6,16.45783099
Bles03,16.01709936
Blmh,16.66256981
Blvra,18.00897106
Blvrb,17.1786789
Bnip1,15.33484176
Bnip3,15.28241253
Bod1l,14.27849555
Bola1,14.78629541
Bola3,15.5187253
Bpgm,17.42753667
Bphl,15.85808119
Bpnt1,17.29530917
Brd3,13.17863504
Brd4,16.58522823
Brox,14.54881617
Bsdc1,12.8497629
Bsg,17.99425989
Bst2,15.76340456
Btf3l4,13.57321759
Btnl9,12.64752799
Bub3,16.62872111
Bud31,13.56870482
Bzw1,17.25675142
C1qbp,14.80193891
C1qc,16.39659417
C1qtnf9,15.87117618
C2cd3,16.49187314
C3,20.62615442
C4b,19.04525901
C4bpa,16.90604945
C5,17.35310002
C8a,17.41335202
C8b,17.12518971
C9,17.79174346
Ca1,17.75848146
Ca13,14.39556071
Ca2,18.38663484
Ca3,21.86190189
Ca4,15.80760972
Ca5b,17.43063839
Cab39,15.84354659
Cacybp,16.88386382
Cad,17.44855542
Cadm3,14.51335736
Calml3,19.31947162
Calr,19.79377331
Calu,18.58392041
Camk1,15.6802512
Camk2d,17.89471827
Camk2g,12.68825086
Camlg,13.08926499
Camp,14.11252704
Camsap2,11.66761388
Cand1,18.6533093
Canx,19.57780731
Cap1,19.08448467
Cap2,12.86745826
Capg,18.00711533
Capn1,18.14116332
Capn2,18.85389499
Capns1,16.49054209
Caprin1,17.30811428
Capza1,17.25524816
Capza2,17.95625411
Capzb,19.12734152
Carhsp1,16.77544937
Carkd,18.16124064
Cars,15.97322171
Caskin2,12.82691577
Casp7,13.56243694
Casp8,17.27743728
Cast,18.55314966
Cat,19.33606183
Cav1,19.9243655
Cav2,17.29745902
Cbfb,16.10016109
Cbl,15.81858969
Cbr1,18.19736642
Cbr2,18.42688832
Cbr3,16.09507112
Cbr4,16.07630077
Cbx1,15.47253618
Cbx3,17.54903333
Cc2d1b,16.87780805
Ccar1,16.76051076
Ccar2,16.68011758
Ccbl1,13.58688945
Ccbl2,15.08835076
Ccdc124,15.68928423
Ccdc127,14.94573595
Ccdc22,16.8121494
Ccdc47,14.78297324
Ccdc50,15.95333052
Ccdc51,12.88273787
Ccdc58,13.12570506
Ccdc80,12.36920974
Ccdc9,14.29891664
Ccdc91,15.03445836
Ccdc93,16.02651917
Ccs,15.12996621
Ccsmst1,11.38253838
Cct2,18.74059135
Cct3,18.6590134
Cct4,18.01207131
Cct5,18.81380387
Cct6a,18.30360904
Cct7,18.13347481
Cct8,19.30090251
Cd151,17.63063891
Cd200,14.86845643
Cd274,11.87863162
Cd2ap,18.04188179
Cd300lg,14.27825911
Cd34,16.50890823
Cd36,18.74049187
Cd38,16.12478521
Cd47,16.00462048
Cd5l,17.47744723
Cd81,16.1724178
Cd93,14.34121662
Cdc37,18.01195145
Cdc42,17.42758432
Cdc42bpb,17.25426539
Cdc42ep1,13.4992001
Cdc42ep4,15.2054395
Cdc5l,16.6582075
Cdh13,17.11346218
Cdh5,16.70539603
Cdk12,12.36836108
Cdk17,13.57143141
Cdk5,16.40093441
Cdk5rap3,15.10186499
Cdkal1,11.30823831
Cdkn2aip,10.69369867
Cdo1,15.63978076
Cds2,17.11984277
Cdv3,15.90932458
Cebpb,14.40650147
Cecr5,13.07021813
Celf2,16.69216977
Cenpv,16.36969992
Cept1,14.20754328
Cers2,16.05275725
Ces1c,19.02499927
Ces1d,20.0678779
Ces1f,17.67073979
Cfb,18.52409698
Cfd,15.43104865
Cfdp1,14.62705493
Cfh,19.06199699
Cfi,17.64130034
Cfl1,19.17925064
Cfl2,16.32930972
Cgnl1,13.55717049
Chchd2,11.77673047
Chchd3,17.64679035
Chchd6,16.92904715
Chd4,17.04686377
Chdh,17.14576351
Chkb,15.23381181
Chmp1a,16.17249827
Chmp1b2,15.80052586
Chmp2a,16.7640528
Chmp2b,13.7058419
Chmp3,14.21376015
Chmp4b,17.39025924
Chmp5,16.91208177
Chmp7,13.67885555
Chordc1,16.22048816
Chp1,17.0622726
Chpt1,15.66839315
Chtop,13.85324127
Ciao1,12.88729523
Ciapin1,13.92317344
Cisd1,16.70109802
Cisd2,15.79270629
Cisd3,14.21623194
Ckap4,18.60200223
Ckap5,15.95908864
Ckb,17.45834384
Ckm,15.92458113
Clasp1,14.87716899
Clasp2,16.50270403
Clcc1,15.743378
Clcn7,15.07995431
Clec2d,15.12722722
Clec3b,14.77534188
Clic1,16.71356076
Clic4,16.67031783
Clic5,13.764904
Clint1,17.39423569
Clip1,17.43185973
Clpb,14.04762348
Clpp,16.45634648
Clptm1,15.54241722
Clpx,16.03665821
Clta,17.49734095
Cltb,18.05909801
Cltc,20.58866898
Clu,17.90191202
Cluh,17.2137013
Clybl,17.77777685
Cma1,16.86658359
Cmas,15.7860751
Cmbl,17.82541868
Cmc2,12.22165899
Cmpk1,18.21585259
Cmpk2,16.2036238
Cnbp,17.2314723
Cndp2,18.98437071
Cnn2,16.35714221
Cnn3,15.93811575
Cnnm3,12.05388967
Cnot1,15.99817734
Cnot3,14.50859821
Cnp,16.46660436
Cnpy2,17.29441722
Cnst,11.7086099
Coa3,15.4881128
Coa7,14.80777764
Coasy,15.92995225
Cobll1,16.45498345
Cog4,14.32084172
Col12a1,15.86283661
Col14a1,18.80620721
Col15a1,18.94213386
Col18a1,17.07375906
Col1a1,19.75735479
Col1a2,18.86990957
Col3a1,17.30718412
Col4a1,17.26601067
Col4a2,17.96649101
Col5a1,17.01564681
Col5a2,16.98065487
Col6a1,19.48937875
Col6a2,19.61842634
Col6a6,17.31978539
Colgalt1,16.63548531
Comt,15.81288959
Copa,18.86304322
Copb1,17.73023637
Copb2,18.6095364
Cope,15.01396074
Copg1,18.08172119
Copg2,16.81591354
Cops2,16.44396537
Cops3,16.49673478
Cops4,17.29914645
Cops5,15.54174511
Cops6,14.93325503
Cops7a,16.53499849
Cops8,14.53068778
Copz1,15.83208335
Coq3,14.44017905
Coq4,12.94649076
Coq6,14.17918824
Coq9,15.82207074
Coro1a,18.55899523
Coro1b,17.67202771
Coro1c,17.79784103
Coro7,17.90688424
Cotl1,17.56919812
Cox4i1,18.47232273
Cox5a,16.82825919
Cox5b,17.72497566
Cox6a1,13.28668249
Cox6b1,17.74376201
Cox6c,17.41952308
Cox7a2,13.19873081
Cox7b,15.11684516
Cox7c,15.02570861
Cp,19.65779383
Cpa3,17.33520564
Cpb2,11.36363
Cpd,11.97136467
Cpne1,16.51812529
Cpne3,16.99965698
Cpox,14.95615617
Cpped1,15.01248731
Cpq,17.34293131
Cpsf6,15.81284085
Cpsf7,14.27857157
Cpt1a,17.2962981
Cpt1b,13.45269584
Cpt2,18.5148421
Cr1l,16.09821378
Crat,17.56217015
Crebbp,11.97363809
Creld1,15.97777153
Crip1,17.92423968
Crip2,16.53570181
Crk,17.17312877
Crkl,16.00562096
Crlf3,15.58740711
Crls1,11.39578124
Crot,14.58605958
Cryab,15.13634295
Cryl1,16.87739924
Cryz,16.08673942
Cs,19.41747424
Csad,18.00937221
Csde1,17.39874231
Cse1l,17.6037063
Csk,16.9323657
Csnk1a1,14.05394643
Csnk2a1,14.79824282
Csnk2a2,13.5577206
Csnk2b,15.50143586
Cspg4,16.04416629
Csrp1,17.27564035
Cst3,15.679826
Cstf2,14.45667418
Ctbp1,14.68384736
Ctcf,13.65199533
Ctdp1,13.33284249
Ctdsp1,13.39865029
Ctnna1,17.66551952
Ctnnb1,17.21121696
Ctnnd1,17.22704684
Ctps1,16.10128141
Ctsa,17.51159389
Ctsb,19.21823833
Ctsd,18.55656824
Ctsf,16.4905177
Ctsh,16.94533211
Ctsl,16.41570954
Ctsz,17.75844495
Cttn,17.93001693
Cttnbp2nl,13.70485997
Cul1,16.0718256
Cul2,15.35835211
Cul3,16.73028198
Cul4a,15.81592781
Cul4b,15.63713458
Cul5,16.76883073
Cutc,14.96956218
Cwc15,14.37095019
Cwc22,13.00888742
Cyb5a,18.67229821
Cyb5b,17.43543145
Cyb5r1,15.86852857
Cyb5r3,18.22278508
Cyc1,17.08290737
Cyfip1,17.61435604
Cygb,16.6187679
Cyp20a1,17.37540503
Cyp27a1,15.34500021
Cyp2d11,12.44678877
Cyp4b1,16.31110947
Cyp4v2,15.66019264
D10Jhu81e,17.5513835
D17h6s53e,12.45184446
Dab2,16.47513961
Dab2ip,14.03102281
Dad1,16.00875506
Dag1,16.8035985
Dak,16.31635322
Dap,15.40301264
Dap3,13.7554588
Dars,19.01562986
Dars2,13.52455091
Dazap1,15.91083708
Dbi,21.37275878
Dbn1,16.35302428
Dbnl,17.23230463
Dbt,17.98504883
Dcaf8,15.93467668
Dcakd,13.82981951
Dcn,19.39975396
Dcps,15.03496216
Dctn1,18.79415137
Dctn2,17.64483578
Dctn3,16.85865447
Dctn4,16.59458772
Dctpp1,11.41387394
Dcun1d1,12.79271249
Dcxr,16.2924107
Ddah2,16.52441986
Ddb1,17.60786561
Ddhd2,14.38944608
Ddi2,16.58781191
Ddost,15.88108357
Ddrgk1,14.63280553
Ddt,16.63417234
Ddx1,17.73661896
Ddx17,17.20471847
Ddx18,14.79403899
Ddx19a,18.02847105
Ddx21,17.56707723
Ddx28,12.36217203
Ddx39a,14.03448799
Ddx39b,16.98317191
Ddx3x,18.71329323
Ddx3y,14.56101676
Ddx42,15.67006045
Ddx5,18.40780645
Ddx58,16.88159246
Ddx6,16.64455475
Decr1,18.50321351
Dek,16.38253481
Dennd4c,17.38348545
Denr,16.67471014
Derl1,15.58773286
Des,18.8926961
Dgat1,16.1287222
Dgkz,13.17191337
Dguok,13.09975991
Dhdh,18.40774783
Dhrs1,18.65415454
Dhrs11,15.94470781
Dhrs4,17.63190301
Dhrs7,17.21441054
Dhrs7b,15.97797961
Dhx15,17.08944169
Dhx29,14.37516956
Dhx30,13.75157561
Dhx32,13.85066852
Dhx36,12.89592945
Dhx9,17.97845163
Diablo,13.36136498
Diaph1,17.56749331
Dip2b,15.61107247
Dis3,14.5074094
Dis3l2,15.01899466
Dkc1,14.77570802
Dlat,17.53222984
Dld,19.02136609
Dlg1,16.49285212
Dlgap4,15.21261882
Dlst,17.06353387
Dmd,15.87824392
Dmtn,15.70127703
Dmxl1,15.95972013
Dnaja1,17.67701277
Dnaja2,17.17834551
Dnaja3,15.84990073
Dnajb1,15.63434664
Dnajb11,16.35404595
Dnajb2,15.58216713
Dnajb4,15.76973365
Dnajb6,16.20328107
Dnajc11,15.34215161
Dnajc15,12.52480214
Dnajc19,14.17876976
Dnajc2,15.19016545
Dnajc25,14.99022629
Dnajc3,16.62886444
Dnajc5,16.3524515
Dnajc7,13.52225335
Dnajc8,16.52479984
Dnm1l,17.65980976
Dnm2,18.70995508
Dnm3,13.75089077
Dnpep,17.06947686
Dock7,16.70518993
Dolk,10.6011103
Dpep1,16.75155573
Dpm1,15.74048162
Dpp3,17.526985
Dpp4,17.36629227
Dpp7,14.91563181
Dpt,15.4450015
Dpysl2,19.02415165
Dpysl3,17.66874524
Dr1,14.78989092
Drg2,15.91593613
Dst,18.37934901
Dstn,17.51807607
Dtd1,15.98372889
Dtd2,17.09167332
Dtymk,14.23004515
Dus3l,13.04919066
Dusp3,15.91598878
Dync1h1,20.97920656
Dync1i2,17.89567307
Dync1li1,16.88366473
Dync1li2,17.09448107
Dynll1,13.8128693
Dynll2,16.21136363
Dynlrb1,14.59435957
Dynlt1,13.7125777
Dysf,16.39098776
Ece1,12.55992283
Ech1,18.53598013
Echdc1,17.37434773
Echdc3,15.93438038
Echs1,18.24798822
Eci1,18.34938249
Eci2,16.87991488
Ecm1,17.27907365
Ecm29,17.21836714
Ecsit,13.0132254
Edf1,17.61719501
Eea1,19.38097997
Eef1a1,20.51203005
Eef1b,17.63962397
Eef1d,17.38096419
Eef1e1,15.35978539
Eef1g,19.22256992
Eef2,20.04275341
Efemp1,15.10812673
Efhd2,17.82206845
Efnb1,14.98550636
Efr3a,16.32968529
Eftud2,17.40763751
Egfr,17.32610005
Egln1,13.85539492
Ehbp1l1,16.20245396
Ehd1,19.02038766
Ehd2,20.66167575
Ehd3,15.88686593
Ehd4,17.83946504
Ehhadh,17.65930545
Eif1ax,16.4612452
Eif1b,14.49166754
Eif2a,17.137512
Eif2b2,14.3589864
Eif2b4,14.68188472
Eif2b5,13.991814
Eif2s1,18.07610685
Eif2s2,16.95660697
Eif2s3x,18.03033432
Eif2s3y,10.91330028
Eif3a,19.3523847
Eif3b,18.22208359
Eif3c,18.22393373
Eif3d,16.21307548
Eif3e,17.2261751
Eif3f,16.43708643
Eif3g,16.71105629
Eif3h,17.40121453
Eif3i,17.46504235
Eif3j1,17.19639168
Eif3k,15.71462211
Eif3l,17.67846524
Eif3m,13.33957473
Eif4a1,19.31383161
Eif4a2,15.3285923
Eif4a3,16.77611235
Eif4b,18.43505592
Eif4e,15.37992846
Eif4e3,16.11619427
Eif4ebp1,13.47597097
Eif4g1,18.25494692
Eif4g2,17.80332097
Eif4g3,16.7840063
Eif4h,17.68951733
Eif5,17.48195217
Eif5a,17.9728632
Eif5b,17.82825157
Eif6,15.63569267
Elac2,11.66128412
Elavl1,16.76441935
Elmo1,15.93053157
Eln,14.37176622
Elp3,14.21731045
Emc1,16.19316294
Emc10,15.30865068
Emc2,15.93710601
Emc3,12.73349563
Emc4,14.63518628
Emc7,15.52419135
Emc8,16.11617865
Emcn,12.48161582
Emd,16.51405628
Emilin1,15.29173596
Eml1,15.16056985
Eml2,15.25959242
Eml4,15.92911179
Enah,11.44715372
Endod1,15.09676138
Eng,15.86380412
Eno1,20.21219537
Eno3,16.28798788
Enpep,18.2904417
Enpp4,15.00264076
Ensa,16.14240037
Entpd1,16.68963877
Entpd2,16.21416299
Entpd5,13.80552262
Epb41,16.06878619
Epb41l1,16.6200586
Epb41l2,19.9546131
Epb41l3,13.32049191
Epb42,16.66257251
Epdr1,13.21261208
Ephx1,17.63930573
Ephx2,18.15871476
Epn1,13.34557104
Epn2,14.57947965
Eppk1,14.12736021
Eprs,19.604555
Eps15l1,17.06181687
Eral1,9.097618513
Erap1,17.93215727
Erbb2ip,13.58114837
Ercc3,13.25259198
Ergic1,17.49804845
Erh,15.97492546
Eri3,13.9224258
Erlin2,17.63714542
Ermp1,17.39637252
Ero1l,18.38217472
Erp29,18.45031829
Erp44,17.13340846
Esam,16.95294058
Esd,17.62888438
Esyt1,19.42946596
Esyt2,17.61484977
Etf1,15.51165872
Etfa,18.84604851
Etfb,19.08115408
Etfdh,18.80692897
Ethe1,14.70866568
Evl,16.9076561
Ewsr1,16.62983603
Exoc1,15.71358082
Exoc3,15.18940069
Exoc4,16.95021915
Exoc5,15.07836003
Exoc6b,14.93705275
Exoc7,16.96496519
Exoc8,17.04067951
Exog,12.60816743
Ezr,18.51752002
F11r,15.01273723
F12,10.1255161
F13a1,19.35490564
F2,18.21360653
Fabp3,16.08424554
Fabp4,23.16373023
Fabp5,19.12563252
Fads3,14.27513905
Faf1,15.93915444
Faf2,15.94071927
Fah,17.97398942
Fahd1,13.50871631
Fahd2,16.4540793
FAM120A,16.77553406
Fam126b,15.56168087
Fam129a,17.58419231
Fam129b,17.47947145
Fam134a,12.05211172
Fam134c,13.13729949
Fam136a,15.95646474
Fam160b1,13.24346634
Fam162a,15.24333508
Fam175b,15.40750892
Fam177a1,14.80181947
Fam21,16.91914663
Fam213a,18.34150004
Fam213b,16.88383977
Fam49a,15.70288274
Fam49b,17.49352957
Fam63a,16.10768178
Fam63b,13.92789022
Fam65a,13.46334368
Fam91a1,13.41587669
Fam98a,15.72716543
Farp1,14.3129142
Fars2,12.48057161
Farsa,16.05289298
Farsb,17.09197413
Fas,12.7564193
Fasn,21.58711984
Fau,12.78230657
Fbl,16.2142372
Fblim1,13.89319756
Fbln5,15.38928734
Fbn1,20.65814719
Fbxo4,15.92413803
Fcho2,16.76613199
Fdps,16.01066419
Fdx1,14.89177308
Fdxr,16.13301221
Fech,16.43926774
Fermt2,18.51563572
Fetub,17.42301635
Fga,19.22489809
Fgb,19.33250518
Fgg,19.33778227
Fh,18.46436262
Fhl1,18.66986239
Fhl3,15.92267378
Fhod1,15.22049243
Fig4,14.48373449
Filip1l,15.04251197
Fis1,16.64443057
Fitm2,16.52762278
Fkbp15,17.76649293
Fkbp1a,17.17667701
Fkbp2,16.0077033
Fkbp3,17.62336995
Fkbp4,17.66434941
Fkbp5,17.37628947
Fkbp7,15.52828402
Fkbp8,16.14153665
Fkbp9,16.55693824
Flad1,15.19828252
Flii,17.22984529
Flna,21.29163597
Flnb,20.49691724
Flnc,18.55382443
Flot1,17.68517647
Flot2,17.28846481
Fmnl1,16.67181324
Fmnl3,12.98784893
Fmo1,17.76017468
Fmo2,17.34578635
Fmo5,16.67937628
Fmr1,17.45954533
Fn1,19.831957
Fn3krp,16.45642873
Fnbp1,17.30818529
Fnbp1l,11.56883279
Fndc3b,12.46967164
Foxred1,12.99122005
Frg1,14.41964354
Fry,14.99538571
Fscn1,17.96091506
Fstl1,13.3124724
Fth1,18.55032484
Ftl1,19.10309598
Fubp1,17.36182554
Fuk,11.49555505
Fundc2,15.06190807
Fus,18.39993675
Fxr1,16.61974756
Fxr2,14.14603888
Fxyd1,13.11415166
G3bp1,15.44396925
G3bp2,16.80019981
G6pdx,19.79583089
Gaa,15.0039026
Gabarap,15.61434486
Gak,16.61028817
Gale,17.30009087
Galk1,16.08885319
Galk2,15.18830702
Galm,14.04899466
Galns,14.90118338
Galnt2,16.83081069
Ganab,19.14348827
Gapdh,19.59046229
Gar1,13.63399805
Gars,17.60431715
Gart,17.49805563
Gas1,12.75816386
Gatad2a,15.54968119
Gbas,17.43038575
Gbe1,16.60633727
Gbp2,18.79572568
Gbp4,16.89326945
Gbp5,17.73413434
Gc,19.72920779
Gcc2,15.0215053
Gcdh,15.74712653
Gclm,16.20440471
Gcn1l1,17.5039648
Gcsh,15.04917873
Gda,18.89770074
Gde1,13.98943822
Gdi1,17.76374758
Gdi2,19.53498507
Gfer,14.6711168
Gfm1,15.48330268
Gfm2,12.83625729
Gfpt1,17.31483465
Gga1,16.61265258
Ghitm,15.76631435
Gigyf2,15.51730932
Gimap4,17.19274999
Git1,16.15419202
Git2,15.78631467
Gk,16.13717491
Glg1,16.96475398
Glipr2,14.96708483
Glo1,16.56966349
Glod4,17.15916406
Glrx,15.59454905
Glrx3,17.82793019
Glrx5,15.11793819
Gls,16.70896818
Glud1,19.38284472
Glul,19.05581293
Glyr1,15.448704
Gm2a,16.47885677
Gmds,16.01110212
Gmfb,16.21091785
Gmppa,17.37471298
Gmppb,16.16768688
Gmpr,14.00866168
Gmpr2,15.06895043
Gmps,15.89213343
Gna11,17.64246234
Gna13,16.69987479
Gna14,12.75642724
Gnai1,17.15125886
Gnai2,18.29774712
Gnao1,15.70878902
Gnaq,16.76742819
Gnas,17.96367831
Gnb1,16.73452681
Gnb2,18.25450977
Gnb2l1,18.3481357
Gnb4,13.92851502
Gne,13.60996812
Gng12,14.64672301
Gng5,16.69582246
Gnpat,14.96240158
Gns,16.48832299
Golga2,16.5547794
Golga3,15.96473307
Golga4,15.4507702
Golga5,14.38664378
Golim4,16.03917172
Golph3,15.78468724
Golt1b,14.76392101
Gorasp1,14.9165222
Gorasp2,16.7959386
Gosr1,13.59409236
Gosr2,15.75448902
Got1,17.1711834
Got2,18.20671684
Gpam,14.02253785
Gpd1,20.05613188
Gpd1l,17.18758595
Gpd2,18.27974428
Gphn,16.15413382
Gpi,19.31123663
Gpihbp1,14.91146576
Gpld1,16.61442953
Gps1,16.86097067
Gpt,18.69405825
Gpx1,18.40854386
Gpx3,17.12570475
Gpx4,18.0162388
Grb2,17.86485017
Grhpr,17.08338954
Gripap1,16.72496198
Grpel1,16.66437553
Gsdmdc1,17.50569934
Gsk3a,13.84875964
Gsn,20.24673024
Gspt1,17.74488713
Gsr,16.4251643
Gss,14.96660198
Gsta4,15.53289946
Gstk1,18.16487057
Gstm1,20.2793475
Gstm2,18.54675802
Gstm5,15.4316055
Gsto1,18.28860506
Gstp1,18.21996795
Gstt1,17.2482047
Gstt3,15.62389492
Gstz1,18.85577938
Gtf2f2,15.29478416
Gtf2i,16.22455153
Gtf3c1,13.42702021
Gtpbp1,15.26185799
Gucy1b3,13.50677073
Guk1,14.30510657
Gvin1,19.65915612
Gyg1,17.65981387
Gypa,10.11272212
Gypc,11.00910987
Gys1,16.93028283
H1f0,17.80633268
H2-Ab1,18.14364089
H2-D1,18.99488793
H2-K1,17.28233122
H2-Q10,17.09626115
H2afv,15.12537699
H2afx,18.33239687
H2afy,18.02589983
H2afy2,15.48479782
H3f3a,18.96354646
H6pd,18.19780668
Hacd2,17.21071508
Hacl1,16.18114112
Hadh,18.56235228
Hadha,19.27221816
Hadhb,18.98711477
Hagh,14.15599032
Hars,17.55973613
Hars2,12.64846583
Hax1,9.210757686
Hba,21.3592119
Hbb-b1,20.75783546
Hbs1l,15.45313035
Hcfc1,17.46688261
Hcls1,18.68333741
Hdac2,17.12719324
Hdac6,14.82897574
Hddc2,13.44584325
Hdgf,17.83080755
Hdgfrp2,15.08697093
Hdgfrp3,14.96458528
Hdhd2,15.29175463
Hdhd3,13.2550808
Hdlbp,19.34400652
Heatr3,13.16913377
Hebp1,17.35831925
Hectd1,16.56534431
Hexa,17.18155688
Hexb,17.51955796
Hgs,17.30438978
Hgsnat,16.30401201
Hibadh,17.45881049
Hibch,18.75972312
Higd1a,12.94655758
Hint1,15.52017987
Hint2,15.31658735
Hint3,14.02068583
Hip1,18.0957558
Hist1h1a,16.41389903
Hist1h1b,17.79331193
Hist1h1c,17.18861208
Hist1h1d,19.28908895
Hist1h1e,16.71264971
Hist1h2bk,19.5319147
Hist1h3b,14.50746145
Hist1h4a,19.28338006
Hist2h2aa1,16.60969949
Hist2h2ab,9.838580586
Hk1,18.03210525
Hk2,18.01458734
Hm13,16.43532698
Hmbs,15.12066242
Hmga1,15.06259753
Hmgb1,18.62467544
Hmgb2,16.84038779
Hmgb3,14.5891194
Hmgcl,16.53736368
Hmgcs1,16.0157418
Hmgn1,15.65448099
Hmgn2,16.33558962
Hmgn3,14.40623797
Hmgn5,15.25042105
Hmox1,16.34992774
Hmox2,17.34188221
Hnmt,15.81015608
Hnrnpa0,17.09028248
Hnrnpa1,17.65620811
Hnrnpa2b1,19.13237395
Hnrnpa3,18.44845164
Hnrnpab,17.6261191
Hnrnpc,17.21115289
Hnrnpd,17.3695588
Hnrnpf,17.34733471
Hnrnph1,17.11725406
Hnrnph2,13.29226559
Hnrnpk,18.86300557
Hnrnpl,18.43170727
Hnrnpll,15.70285019
Hnrnpm,18.60068302
Hnrnpu,19.11508892
Hnrnpul1,16.31749933
Hnrnpul2,17.92751177
Hook3,17.31530535
Hp,19.25319266
Hp1bp3,17.63703662
Hprt1,16.99272346
Hpx,20.67630563
Hrg,17.40112755
Hrsp12,16.5639399
Hsd11b1,12.83033862
Hsd17b10,16.94369975
Hsd17b11,15.74951038
Hsd17b12,17.48426845
Hsd17b4,18.96027853
Hsd17b8,16.14507361
Hsdl1,14.36999064
Hsdl2,17.77324281
Hsp90aa1,19.28324484
Hsp90ab1,20.59068634
Hsp90b1,20.09707141
Hspa12a,18.63676591
Hspa12b,17.45028154
Hspa14,14.47490111
Hspa1a,17.64217795
Hspa2,17.27974321
Hspa4,19.58933532
Hspa4l,16.48118973
Hspa5,20.58127312
Hspa8,21.27627155
Hspa9,19.86918743
Hspb1,18.96450963
Hspb6,11.02095253
Hspb8,15.07344514
Hspbp1,14.7666121
Hspd1,19.93516126
Hspe1,18.01549104
Hspg2,20.9551484
Hsph1,17.45286142
Htatip2,17.0929348
Htatsf1,14.99368918
Htra2,17.03986105
Htt,16.47856174
Huwe1,17.251287
Hyou1,18.55455074
Hypk,13.87606861
Iah1,15.80450787
Iars,17.41065447
Iars2,18.40553414
Iba57,15.52638589
Ica,18.56843568
Icam2,14.80974735
Ide,18.12017674
Idh1,19.66877794
Idh2,18.38795492
Idh3a,18.57445483
Idh3g,17.04842817
Ifi35,15.02960864
Ifit3,15.96383998
Ifitm3,15.36425391
Ifngr1,14.33647589
Igbp1,15.54807456
Igf2r,18.03099813
Igfals,14.74513257
Igh-3,17.89135401
Ighg1,16.64602147
Ighm,19.78630773
Ighv1-61,12.71469265
Ighv1-62-3,16.61070656
Igj,16.26295988
Iglc3,14.07298972
Iigp1,17.66301943
Ik,15.10095345
Ikbip,16.01572761
Il16,16.7691168
Il1rap,16.91409079
Ilf2,15.02197338
Ilf3,15.84253759
Ilk,18.30546219
Ilkap,14.91482408
Ilvbl,15.20773058
Immt,19.63656433
Impa1,17.83998847
Impa2,13.64480477
Impad1,15.04099931
Impdh2,16.57559579
Inf2,15.42372632
Inmt,16.82549453
Inpp1,15.32460449
Inpp5d,17.05439426
Inpp5k,11.6838165
Inppl1,16.17641604
Ipo11,16.29223909
Ipo5,17.28861188
Ipo7,16.19410789
Ipo9,16.58754952
Iqgap1,20.27067935
Iqgap2,18.44871915
Iqsec1,15.79785818
Irf2bp2,13.7239575
Irf3,15.9945636
Irgm1,16.37676404
Isca2,14.00288472
Iscu,17.2026769
Isg15,14.37002702
Isoc1,17.64568044
Isoc2a,15.11527086
Isoc2b,14.23810212
Ist1,16.30052668
Itfg3,14.63960026
Itga1,16.80423716
Itga6,17.18920739
Itga7,18.21194854
Itgam,17.7400684
Itgav,16.43400252
Itgb1,18.13760399
Itgb4,13.27715379
Itgb5,15.08709253
Itgb6,16.19548225
Itih1,17.75343874
Itih2,18.65467235
Itih3,16.38799076
Itih4,17.96350608
Itih5,17.25810032
Itpa,16.22307959
Itpr1,15.37203202
Itpr2,13.47035209
Itsn1,18.1460133
Ivd,18.61988137
Jagn1,12.17910913
Jak1,16.50004584
Jcad,13.96062247
Jup,14.63820995
Kank2,17.51724566
Kank3,16.24860522
Kars,17.6280082
Kat7,12.13774833
Kbp,14.18293635
Kctd12,16.63933189
Khdrbs1,16.39915599
Khsrp,18.9434939
Kiaa1598,17.26908535
Kiaa1671,16.43679252
Kif1b,15.13896106
Kif1c,16.33641131
Kif3a,13.99327743
Kif3b,15.95801433
Kif5b,18.58464038
Kifap3,12.67839862
Kifc3,9.651840306
Klc1,16.91697511
Klc2,14.98745487
Klc4,14.22007259
Klhdc7a,15.18289381
Klkb1,17.58801815
Kmt2b,14.79780317
Kng1,19.41674954
Kpna1,15.72475653
Kpna3,16.81442124
Kpna4,15.54858398
Kpna6,15.9286574
Kpnb1,18.70329601
Kras,14.34965414
Krt76,15.83614395
Kti12,12.58467016
Ktn1,15.78099718
L3hypdh,15.85381908
Lactb,14.831164
Lactb2,16.62229777
Lama2,19.66808552
Lama4,19.88635707
Lama5,17.85312643
Lamb1,20.59879117
Lamb2,19.80259035
Lamc1,20.53811821
Lamp1,16.32357118
Lamp2,16.27795799
Lamtor1,14.12290465
Lamtor5,15.26045379
Lap3,18.53515638
Larp1,16.9334964
Larp4,15.8272029
Larp4b,14.96707876
Lars,17.40585285
Lars2,15.60608356
Lasp1,18.42238051
Lbr,17.68915306
Lclat1,15.42836308
Lcp1,19.77161533
Ldha,19.7539724
Ldhb,18.39065439
Ldhd,14.61730524
Lemd2,15.62632284
Lemd3,12.32794114
Letm1,16.94999897
Letmd1,14.04610426
Lgals1,20.06317896
Lgals3,18.67485198
Lgals3bp,17.32333228
Lias,13.8466002
Lima1,17.89358018
Limch1,13.85004134
Limd1,13.4153907
Lims1,17.31669768
Lin7c,15.96232907
Lipa,15.93031803
Lipe,19.44799144
Lipt2,12.82683653
Lman1,16.96421724
Lman2,17.12171272
Lmbrd1,13.77387456
Lmcd1,16.01735208
Lmf1,14.90321481
Lmf2,14.00677946
Lmna,20.64383408
Lmnb1,19.90632578
Lmnb2,18.30294634
Lmod1,14.63171824
Lnp,15.01685646
Lnpep,17.53247443
Lonp1,17.30611107
Lpcat3,16.43363028
Lpin1,17.14996138
Lpl,18.22795752
Lpp,17.71022483
Lrba,14.37797489
Lrch3,14.51226274
Lrp1,19.88723212
Lrpap1,18.62167201
Lrpprc,17.90462701
Lrrc47,16.98999625
Lrrc57,16.19707599
Lrrc59,17.21604286
Lrrfip1,17.07710519
Lsm12,16.53580813
Lsm3,13.85702335
Lsm6,15.28385915
Lsm8,14.75447163
Lsp1,17.92956864
Lta4h,19.33858823
Ltbp3,10.67332914
Ltc4s,15.829295
Luc7l2,17.16856669
Luc7l3,16.26523879
Luzp1,13.87763244
Lyar,13.23297852
Lyn,16.5432927
Lypla1,15.99927435
Lypla2,15.94598054
Lyve1,16.16131912
Lzic,15.26681723
Lzts2,10.60106859
M6pr,15.43719717
Macf1,18.87328669
Macrod1,16.05084218
Magohb,16.65603645
Magt1,15.89844984
Man2a1,17.47195867
Man2a2,14.26345587
Man2b2,15.06424584
Man2c1,15.73860738
Manbal,10.15566502
Manf,16.21710206
Maoa,17.95807948
Maob,17.35366452
Map1b,15.80056815
Map1s,16.4666161
Map2k1,17.50765447
Map2k2,15.60196615
Map2k3,16.47149274
Map2k4,15.55040712
Map2k6,12.77175177
Map4,19.45896446
Map4k4,15.36353455
Map7d1,16.94248413
Mapk1,17.92414487
Mapk14,16.87307297
Mapk3,17.03286107
Mapk9,15.08882055
Mapkapk2,16.52804536
Mapre1,17.3676156
Mapre2,16.54359509
Mapre3,14.89994197
Marc2,18.33693001
Marcks,16.38268792
Mark2,14.82460369
Mars,17.26298109
Marveld1,12.66875719
Masp2,14.41961768
Mat2a,17.67039108
Mat2b,14.04745989
Matr3,18.22833762
Mavs,16.03193162
Mbl1,14.78959851
Mbnl1,15.68485006
Mbnl2,11.26284277
Mboat7,14.90264548
Mcam,18.99762166
Mcat,12.13024423
Mccc1,18.55005774
Mccc2,17.53088909
Mcee,14.63082588
Mcfd2,13.79329865
Mcm3,14.7316492
Mcpt3,12.492998
Mcpt4,15.96492515
Mcts1,15.65909107
Mcu,15.00850684
Mcur1,12.18400945
Mdh1,19.28021129
Mdh2,19.4182525
Me1,18.74410505
Mecp2,16.8863957
Mecr,15.90747847
Memo1,13.47332583
Mesdc2,16.68175178
Metap1,15.63231474
Metap2,14.88765116
Mfap5,17.4103168
Mfge8,13.14263586
Mfn1,13.27045977
Mfn2,14.81658271
Mfsd1,14.76009864
Mfsd8,13.74880328
Mgll,18.66383178
Mgrn1,11.14455422
Mgst1,17.82597348
Mgst3,15.1368423
Mia2,16.16730956
Mia3,17.63016921
Mic1,13.60324426
Micu1,12.94234381
Mief1,11.57248804
Mien1,14.70931042
Mif,15.06574187
Minos1,14.83689155
Mios,13.12101765
Mipep,9.289961354
Mlec,18.09400502
Mlf2,12.6959225
Mllt4,17.7976242
Mlst8,12.67841969
Mlycd,16.16958742
Mmaa,14.3760553
Mmab,15.13956001
Mme,14.83403024
Mmgt1,17.01270658
Mndal,16.12646695
Mob1a,15.30496446
Mob2,11.84672248
Mob4,15.11691668
Mocs1,14.26093587
Mocs3,14.98102757
Mogs,16.14353744
Morf4l2,10.43664887
Mospd1,14.4203253
Mp68,16.03287977
Mpc1,15.49360576
Mpc2,14.99370158
Mpdu1,15.87053653
Mpdz,15.93751574
Mpi,11.99390243
Mpp1,18.09212534
Mpp6,15.85809827
Mpp7,13.76784723
Mprip,16.61489486
Mpst,14.93817381
Mrc1,19.10171262
Mri1,16.30511017
Mrpl1,12.75555022
Mrpl11,14.16265167
Mrpl12,14.45873141
Mrpl13,13.4938973
Mrpl15,11.77411683
Mrpl3,14.32355649
Mrpl37,13.85414011
Mrpl38,13.71212213
Mrpl40,7.873251851
Mrpl46,12.53425868
Mrpl55,13.12598001
Mrps16,14.23340448
Mrps18b,12.411695
Mrps2,13.02345961
Mrps26,8.136855645
Mrps27,15.81247295
Mrps30,14.92677016
Mrps31,12.76640037
Mrps36,15.80912295
Mrps5,12.97143146
Mrps6,14.60447357
Mrps7,13.03232033
Mrps9,13.54947518
Mrrf,15.05143895
Msi2,13.60982716
Msl1,12.11257141
Msn,20.45713538
Msra,16.85845698
Msrb2,11.4150051
Msrb3,12.88333573
Mta2,16.70454073
Mta3,14.3878919
Mtap,16.35530126
Mtatp8,16.44552592
Mtch1,14.24911406
Mtch2,16.77183799
Mtco1,13.80971645
Mtco2,15.1131203
Mtdh,16.70771937
Mtfr1l,14.83074419
Mthfd1,18.37401185
Mthfs,13.90604566
Mtm1,12.22722179
Mtnd2,14.58556934
Mtnd5,14.08068875
Mtor,15.97355422
Mtpap,13.81768967
Mtpn,15.98983801
Mtr,14.50998433
Mtss1,12.93257149
Mtus1,14.23906423
Mtx1,16.19092104
Mtx2,14.92220041
Mug1,20.14013825
Mup20,16.24620424
Mut,17.87197808
Mvp,18.98171001
Mxra7,12.55423769
Myadm,13.83103055
Mybbp1a,16.80813922
Mycbp,14.81140727
Myct1,10.55820676
Mydgf,16.65679968
Myef2,15.09455912
Myg1,15.6640296
Myh10,18.04956807
Myh11,19.77019919
Myh14,14.5589284
Myh3,14.25365838
Myh9,21.5999422
Myl1,15.94091658
Myl12b,17.75251409
Myl6,18.30624788
Myl9,14.66262303
Mylk,17.096291
Myo18a,16.70655779
Myo1b,16.54565947
Myo1c,19.84879909
Myo1d,16.22304521
Myo5a,15.46203203
Myo6,14.7118527
Myo9b,15.94502869
Myof,19.81932335
N6amt2,14.07869438
Naa10,13.73074295
Naa15,17.11282788
Naa25,14.5282172
Naa35,15.04325141
Naa50,16.19971005
Naaa,16.72227113
Naca,16.97319872
Nadk2,14.43950326
Nae1,16.23755462
Naga,16.9560061
Nagk,16.47102938
Nampt,18.19515861
Nans,17.10074836
Nap1l4,17.03003398
Napa,16.60382843
Napepld,14.25382136
Napg,16.65431964
Naprt,15.07384098
Nars,17.45849998
Nat9,12.50518116
Nbn,11.92855709
Nck1,15.56182592
Nck2,14.58429704
Nckap1,17.41043196
Ncl,19.43858429
Ncln,15.75729719
Ncor1,12.61853936
Ncstn,16.13843308
Ndrg1,16.03723103
Ndrg2,15.79163715
Ndrg3,13.37094409
Ndufa10,16.78309652
Ndufa12,15.93037635
Ndufa13,16.61165287
Ndufa2,16.66700992
Ndufa3,14.56290211
Ndufa4,17.56626765
Ndufa5,15.9779901
Ndufa6,16.94966444
Ndufa7,16.50858272
Ndufa8,15.94322887
Ndufa9,15.77744384
Ndufab1,16.57967859
Ndufaf1,12.2530985
Ndufaf2,14.48906513
Ndufaf4,14.06510988
Ndufaf7,12.7538209
Ndufb10,15.22961937
Ndufb11,15.48563297
Ndufb2,13.51521884
Ndufb3,15.94887297
Ndufb4,15.78771151
Ndufb5,15.40875196
Ndufb6,14.64863676
Ndufb7,14.09725814
Ndufb8,15.53954649
Ndufb9,15.68510207
Ndufc2,15.30379144
Ndufs1,18.54218045
Ndufs2,17.47255623
Ndufs3,15.90150966
Ndufs4,16.21010077
Ndufs5,15.37901214
Ndufs6,16.07044847
Ndufs7,16.72314538
Ndufs8,16.69875013
Ndufv1,17.2132961
Ndufv2,16.99206404
Necap1,15.2416779
Necap2,15.69174603
Nedd4,18.88240135
Nedd4l,16.56120029
Nedd8,15.39370846
Negr1,14.76024872
Nenf,15.4046531
Nes,14.15036868
Nfkb1,16.70057026
Nfkb2,16.51840115
Nfs1,16.3435872
Nfu1,16.13416691
Ngly1,15.87953796
Ngp,15.09602775
Nhlrc2,15.97398819
Nhp2,14.01142503
Nhp2l1,15.8792088
Nid1,19.57173365
Nid2,19.38859562
Nif3l1,16.80086895
Nisch,15.36494224
Nit1,16.36838242
Nit2,16.82091484
Nln,17.25748378
Nlrx1,15.10040591
Nme1,16.34205028
Nme2,18.9390194
Nme3,13.24545636
Nmnat3,12.78377895
Nmral1,15.86851294
Nmt1,17.08146878
Nmt2,11.16058239
Nnmt,16.66254244
Nol3,16.20708666
Nolc1,16.59817037
Nomo1,17.414595
Nono,18.05531052
Nop2,15.3818177
Nop56,16.92506756
Nos3,15.26817563
Npc1,15.39312631
Npc2,17.42851971
Npepl1,15.81207146
Npepps,18.47403932
Nploc4,17.07433065
Npm1,18.06564737
Npr3,18.47872277
Nptn,16.98429245
Nqo1,14.95501336
Nqo2,16.59410136
Nr3c1,15.62362399
Nras,14.78623318
Nrd1,16.76096814
Nrp1,15.54163273
Nrp2,13.57504023
Nsdhl,16.62990294
Nsf,18.64062314
Nsfl1c,18.0707875
Nsun2,16.11878117
Nt5c,14.7135036
Nt5c2,15.41828283
Nt5c3a,14.95941874
Nub1,15.43221506
Nubpl,12.62863187
Nucb1,18.52579906
Nucks1,15.7698859
Nudc,17.32387309
Nudcd3,15.43827809
Nudt12,16.72752578
Nudt19,14.23160726
Nudt2,10.87823392
Nudt21,15.34087094
Nudt3,14.22393806
Nudt4,10.96619235
Nudt5,17.35602014
Nudt7,15.05187908
Nudt9,14.54730089
Nufip2,15.32915305
Numa1,18.71748391
Nup155,16.40240614
Nup188,14.42748554
Nup214,16.37683234
Nup35,13.08934961
Nup54,14.60781178
Nup62,14.4309906
Nup88,14.40407136
Nup93,16.16421863
Nup98,15.94571395
Nxf1,14.08714718
Oat,17.49214729
Ociad1,16.22359469
Ociad2,10.06188478
Odr4,16.14951674
Ogdh,18.80588766
Ogfr,15.84242525
Ogn,18.31556879
Ogt,16.04054549
Ola1,17.71840933
Opa1,17.44139079
Opa3,15.56899861
Oplah,18.27311211
Optn,15.91340774
Orm1,16.31007774
Ormdl3,12.92250632
Osbp,16.44847451
Osbpl11,15.4227486
Osbpl1a,13.31905745
Osbpl2,12.52242908
Osbpl9,16.45668456
Osgep,14.4601336
Ostf1,16.27840125
Otub1,17.01014299
Otud4,16.05548482
Oxct1,18.69371618
Oxr1,16.05545602
Oxsm,14.92871907
Oxsr1,16.77277662
P4hb,19.99399849
Pa2g4,18.04774118
Pabpc1,18.81067332
Pabpn1,14.68682092
Pacs1,13.57842252
Pacsin2,18.48511146
Pafah1b1,18.17845945
Pafah1b2,14.82874441
Pafah2,11.65187948
Paics,18.18872254
Pak2,17.4499175
Pald1,14.6954301
Palld,17.22336487
Palm,18.00802022
Palm2,12.92290946
Palmd,17.97626756
Pam16,14.73544813
Pank4,13.59930978
Paox,15.42748886
Papln,15.17495841
Papss2,17.66162489
Park7,18.7754976
Parl,12.49969821
Parp1,16.74815809
Parp14,16.19763399
Parp3,17.0874291
Parva,17.80582206
Parvb,16.11056183
Pbxip1,12.04572434
Pc,20.33923597
Pcbd2,16.28848023
Pcbp1,18.20743178
Pcbp2,16.39961703
Pcca,18.84291839
Pccb,17.71040799
Pcdh19,0.680093742
Pck1,17.70883222
Pck2,16.40356434
Pcm1,13.69821075
Pcmt1,16.98273841
Pcna,16.70884279
Pcnp,15.70190809
Pcolce,15.45297609
Pctp,13.2117806
Pcyox1,18.16350424
Pcyt1a,16.71073246
Pcyt2,16.52407013
Pdap1,17.523527
Pdcd10,15.12059524
Pdcd4,15.31229819
Pdcd5,14.87872923
Pdcd6,14.25687545
Pdcd6ip,19.05340572
Pdcl3,15.23972766
Pde12,14.36622598
Pde2a,16.41261632
Pde3b,16.72758118
Pde8a,14.36203234
Pdgfrb,15.98285336
Pdha1,18.40852499
Pdhb,18.53656019
Pdhx,17.42449776
Pdia3,20.06842726
Pdia4,19.8951531
Pdia5,14.016569
Pdia6,18.09718617
Pdk1,12.69626539
Pdk2,15.63966443
Pdk4,11.85978391
Pdlim1,17.32476722
Pdlim3,13.65861575
Pdlim5,17.46810014
Pdlim7,14.47499437
Pdp1,12.62436423
Pdpr,13.39324641
Pds5b,15.42631413
Pdxdc1,16.47601474
Pdxk,17.60631894
Pea15,15.51283223
Pebp1,17.56711227
Pecam1,16.37864509
Pef1,13.96287213
Pelo,13.66616157
Pepd,17.67463923
Pex1,14.21116813
Pex11a,13.64022376
Pex13,11.31335262
Pex14,16.00521531
Pex16,12.80535421
Pex19,17.82630269
Pex3,14.25380358
Pf4,13.22270604
Pfas,16.68716804
Pfdn2,16.86868188
Pfkfb1,14.21952746
Pfkl,17.58241519
Pfkm,15.7199503
Pfkp,18.76413918
Pfn2,14.34812644
Pgam1,18.59960186
Pgam5,15.14933507
Pgd,19.29900312
Pggt1b,13.72433792
Pgk1,19.67837834
Pgls,17.20250323
Pgm1,19.69977677
Pgm2,18.08685159
Pgm5,13.02920944
Pgp,16.23262192
Pgrmc1,17.71166
Pgrmc2,16.89895048
Phb,17.80315707
Phb2,18.06971954
Phgdh,19.33118636
Phkb,15.41979696
Phlda3,16.0686059
Phldb1,17.98493629
Phpt1,15.28835679
Phyhd1,14.71034851
Pi4ka,17.0271633
Picalm,16.85434783
Pigs,15.09194417
Pigt,15.04456825
Pik3r1,15.81931624
Pik3r4,15.76710196
Pin1,14.92486971
Pin4,13.31327409
Pip4k2a,16.4184527
Pip4k2c,15.16282639
Pir,13.32677759
Pisd,14.47165317
Pitpna,17.86946307
Pitpnb,16.73724638
Pitpnc1,13.23958504
Pitpnm1,15.88773193
Pitrm1,18.07991964
Pklr,14.84045193
Pkm,19.98846778
Pkn1,16.88515501
Pkp4,12.64556768
Pla2g16,15.8789736
Pla2g7,17.12268021
Plaa,18.04965548
Plbd1,16.40724104
Plbd2,16.08517528
Plcb3,16.50366649
Plcd1,17.00021254
Plcg1,15.38843833
Plcl1,14.32943986
Plec,21.47286264
Plekhf2,15.10687748
Plekho2,16.07483897
Plg,19.34065252
Plgrkt,15.74980634
Plin1,20.31161673
Plin2,17.41229621
Plin3,16.72822553
Plin4,20.94334887
Plod1,15.93958415
Plod3,16.3514192
Plp2,14.08412842
Plrg1,15.24945387
Pls3,18.55577198
Pltp,16.60976916
Plxna1,16.44392259
Pml,15.98475059
Pmm2,17.22578771
Pmpca,17.20054623
Pmpcb,16.34328747
Pnisr,11.43752039
Pnn,16.31579095
Pnp,18.28855062
Pnpla2,17.07456185
Pnpla8,15.22247616
Pnpo,13.39555376
Pnpt1,15.82650068
Podxl,12.77292337
Poldip2,15.00415462
Poldip3,15.18834479
Polr2a,16.59287312
Polr2e,15.25126638
Pon1,15.96643813
Pon2,16.56001293
Pon3,17.13295002
Por,19.85228791
Ppa1,19.12911333
Ppa2,16.61252275
Ppap2b,14.57295741
Ppapdc2,14.32509203
Ppcs,16.97732173
Ppfibp1,16.33776938
Ppia,20.1629902
Ppib,18.4288986
Ppid,18.00249273
Ppif,13.89347873
Ppig,15.23725908
Ppil1,15.23058495
Ppip5k1,12.53682398
Ppip5k2,14.84527404
Ppm1a,17.49629016
Ppm1b,16.68656577
Ppm1f,14.98871148
Ppm1g,16.33103264
Ppox,15.42907749
Ppp1ca,16.5742569
Ppp1cb,14.15808067
Ppp1r12a,17.99663848
Ppp1r12c,16.14643339
Ppp1r13l,11.31228808
Ppp1r1a,12.45666731
Ppp1r2,15.81506501
Ppp1r7,16.96953307
Ppp1r9b,15.66086793
Ppp2ca,17.77879743
Ppp2r1a,18.50483127
Ppp2r1b,16.24983736
Ppp2r2a,16.99586798
Ppp2r4,17.22554277
Ppp2r5a,18.10724383
Ppp2r5c,13.96914202
Ppp2r5e,13.00375813
Ppp3ca,17.83217885
Ppp3cb,13.72952873
Ppp4r2,13.70497389
Ppp5c,16.48267678
Ppp6c,14.53961664
Ppp6r1,15.27117752
Ppp6r3,14.78539141
Ppt1,17.12881016
Prdx1,19.38400989
Prdx2,17.83070282
Prdx3,17.77255797
Prdx4,17.51317607
Prdx5,18.13439932
Prdx6,18.48286131
Preb,16.18019246
Prelp,18.83942821
Prep,17.18149447
Prkaa1,15.70387327
Prkaca,18.56837701
Prkacb,15.68971054
Prkag1,15.80305312
Prkar1a,16.46534742
Prkar2a,15.80689565
Prkar2b,18.65732833
Prkcdbp,18.31846465
Prkcsh,18.08282858
Prkra,14.65152397
Prmt1,16.56057757
Prmt5,16.5286398
Prnp,14.21843532
Prodh,14.85114213
Prosc,17.05721025
Prpf19,16.67383396
Prpf31,16.66297184
Prpf38b,13.52814405
Prpf40a,16.67270713
Prpf6,16.40569703
Prpf8,17.94757386
Prps1,17.14414506
Prpsap1,12.36644792
Prrc1,15.78033696
Prrc2a,15.87263656
Prrc2c,17.71690533
Prune,13.59426004
Prx,15.60105559
Psap,16.7552815
Psip1,16.34120758
Psma1,18.55950868
Psma2,16.19212426
Psma3,17.89458716
Psma4,17.70332729
Psma5,17.60485654
Psma6,17.43257177
Psma7,17.75850397
Psmb1,17.22215468
Psmb10,16.53299789
Psmb2,16.56668851
Psmb3,16.08979635
Psmb4,16.78930885
Psmb5,15.82703239
Psmb6,16.23491485
Psmb7,16.95903905
Psmb8,17.94816276
Psmc1,18.03152935
Psmc2,17.91172442
Psmc3,18.11199089
Psmc4,18.07121968
Psmc5,18.42310562
Psmc6,18.05483387
Psmd1,18.63188165
Psmd10,15.94356184
Psmd11,18.09542357
Psmd12,16.72456462
Psmd13,16.84984102
Psmd14,16.29216639
Psmd2,18.53504946
Psmd3,18.87526514
Psmd4,16.70748839
Psmd5,17.06124197
Psmd6,17.92241238
Psmd7,17.736763
Psmd8,15.90205513
Psmd9,16.69430102
Psme1,18.16132734
Psme2,17.48168467
Psme4,12.57654274
Psmf1,15.88881497
Psmg1,13.36899564
Pspc1,14.99440951
Psph,13.19503227
Ptbp1,15.48580847
Ptbp3,17.30437579
Pter,14.69793131
Ptges2,15.25767058
Ptges3,17.650336
Ptgfrn,16.26894762
Ptgr2,16.55567868
Ptgs1,14.02828328
Ptk2,15.67512715
Ptk2b,17.1431153
Ptma,18.42680397
Ptms,17.56672715
Ptpmt1,14.54766405
Ptpn1,17.20184357
Ptpn11,18.06897807
Ptpn12,15.21900372
Ptpn23,16.69634403
Ptpn6,18.24221214
Ptpra,13.22045739
Ptrf,20.9428425
Ptrh2,14.30139706
Ptrhd1,12.72250022
Pts,14.89239177
Puf60,16.92905578
Pura,17.33695682
Purb,16.28003299
Pus1,11.44094984
Pvrl2,12.83219276
Pxdn,17.63329796
Pxn,16.74647685
Pycr2,16.29247555
Pycrl,16.35926834
Pygb,19.30573603
Pygl,19.17794584
Pygm,12.75692161
Qars,17.82820073
Qdpr,17.53422753
Qil1,15.90363848
Qki,15.71114707
Qsox1,15.07380238
R3hcc1,12.21173571
Rab10,17.21387101
Rab11a,13.29792893
Rab11fip5,16.23695561
Rab12,15.09372933
Rab14,18.19779704
Rab18,17.06407931
Rab1A,18.41493394
Rab1b,16.54731213
Rab21,16.98165566
Rab23,11.42676753
Rab24,12.81375937
Rab2a,17.73121515
Rab2b,14.06271768
Rab34,13.82997023
Rab35,16.74120856
Rab3a,12.90773334
Rab3d,15.55477454
Rab3gap1,16.23996999
Rab3gap2,17.7075258
Rab5a,16.22503273
Rab5b,15.75290208
Rab5c,17.32816649
Rab6a,17.71934762
Rab6b,14.15338787
Rab7a,17.51118695
Rab8a,17.53931176
Rab8b,14.38896291
Rabep1,15.02504296
Rabepk,13.03038281
Rabgap1,15.69050174
Rabggta,15.70734859
Rabl3,14.39736693
Rabl6,14.7643525
Rac1,17.93135823
Rac2,14.00177613
Rad21,15.32196641
Rad23a,17.15392327
Rad23b,16.61373057
Rae1,15.68299872
Rai14,14.30804051
Rala,16.55508135
Ralb,16.74236406
Ralbp1,11.40197855
Ralgapa2,13.88057129
Raly,17.24818008
Ran,18.04526053
Ranbp1,17.41160619
Ranbp2,17.08588166
Ranbp3,15.44845131
Ranbp9,13.42451288
Rangap1,16.78192743
Rap1a,15.59577786
Rap1b,18.05092554
Rars,18.56946502
Rars2,14.52605945
Rasa4,16.97184233
Rasip1,15.90410618
Rbbp4,17.29289267
Rbbp7,15.7406027
Rbbp9,16.42195552
Rbfox2,11.72250541
Rbl2,9.52158185
Rbm10,14.82161797
Rbm12,15.26432559
Rbm14,17.30292455
Rbm15,13.14183282
Rbm22,12.38452278
Rbm25,16.18383202
Rbm3,16.49025674
Rbm39,15.06494092
Rbm47,13.71107376
Rbm8a,15.06332756
Rbms1,15.37506402
Rbms2,12.64089365
Rbmx,12.56470417
Rbmxl1,17.97886116
Rbpms,15.89075318
Rbsn,9.665916655
Rbx1,15.01073014
Rcc1,14.85737479
Rcc2,16.82909676
Rcn1,16.35583315
Rcn2,16.66147575
Rcn3,16.84652614
Rdh13,14.38250119
Rdh14,13.85301829
Rdx,18.42440714
Reep5,17.42304932
Rela,16.93586429
Renbp,16.26078112
Rer1,16.69232356
Retnlg,14.84172813
Retsat,15.55215832
Rexo2,15.99741648
Rftn1,14.77155812
Rgcc,14.59565261
Rhd,13.83649758
Rheb,16.54028796
Rhoa,17.16763864
Rhob,14.70653201
Rhog,15.43803946
Rhoq,12.71719367
Rhot1,14.39383691
Rin3,14.83861005
Rint1,14.37393318
Rmdn1,16.33442933
Rmdn3,17.10152324
Rnf114,15.41262365
Rnf123,13.91703786
Rnf185,10.58388771
Rnf213,18.96340189
Rnf25,11.84545423
Rnf7,12.58069085
Rnh1,18.38589827
Rnmt,15.48115248
Rnpep,18.41701539
Robo4,11.15825335
Rock1,17.64177489
Rock2,19.06043034
Romo1,15.82748091
Rp2,17.01434362
Rpa1,15.04431166
Rpa2,13.64537825
Rpap1,14.37667422
Rpap3,15.35605066
Rpe,13.87947017
Rpia,16.399548
Rpl10,16.28350476
Rpl10a,17.17750965
Rpl11,17.84190643
Rpl12,17.72050962
Rpl13,18.00350761
Rpl13a,17.59323521
Rpl14,16.45757383
Rpl15,16.07541717
Rpl17,16.7525381
Rpl18,17.19324783
Rpl18a,17.04564476
Rpl19,15.60710601
Rpl21,17.48786913
Rpl22,16.17082173
Rpl23,16.87323534
Rpl23a,17.23659707
Rpl24,16.32583521
Rpl26,17.0359421
Rpl27,17.14586253
Rpl27a,16.14408651
Rpl28,16.92633879
Rpl29,15.71929548
Rpl3,18.41816628
Rpl30,17.07785713
Rpl31,16.57717673
Rpl32,16.81982203
Rpl34,17.19206095
Rpl35,14.59255441
Rpl35a,17.33970551
Rpl36,16.30416993
Rpl36a,15.96198518
Rpl37a,16.35231452
Rpl38,16.05903298
Rpl4,18.19890576
Rpl5,18.16932696
Rpl6,18.23724516
Rpl7,18.20197117
Rpl7a,17.5037268
Rpl8,16.93907511
Rpl9,15.76348965
Rplp0,17.02306274
Rplp2,17.7227193
Rpn1,18.91182518
Rpn2,17.44642933
Rprd1b,14.5196201
Rps10,17.81138986
Rps11,17.11587521
Rps12,17.0916433
Rps13,17.8792714
Rps14,17.38616479
Rps15,15.15321352
Rps15a,16.86491668
Rps16,18.11288007
Rps17,16.34655093
Rps18,17.48491459
Rps19,17.73112692
Rps2,18.0071382
Rps20,16.11351255
Rps21,16.70118752
Rps23,15.49287586
Rps24,15.99994038
Rps25,16.93992016
Rps27,16.32038316
Rps27a,19.64205821
Rps27l,14.39975035
Rps28,15.96710974
Rps29,12.8347937
Rps3,18.58794675
Rps3a,18.37752738
Rps4x,17.72453533
Rps5,16.37705831
Rps6,17.68780646
Rps6ka3,18.32917747
Rps6ka5,11.51234077
Rps7,17.39927619
Rps8,17.48438423
Rps9,17.70926687
Rpsa,17.36183341
Rraga,17.43383126
Rragc,16.54591831
Rras,18.55381462
Rras2,16.96335584
Rrbp1,20.42539358
Rrm1,15.45597762
Rsl1d1,15.39553573
Rsu1,18.15369495
RtcA,16.40782064
Rtcb,17.62248971
Rtn1,16.66121313
Rtn2,15.56814289
Rtn3,16.14311132
Rtn4,18.94665891
Rufy1,16.15302985
Rufy3,15.36543564
Ruvbl1,17.07928366
Ruvbl2,17.2409678
Rwdd1,14.42896965
S100a10,16.97058802
S100a11,15.95473246
S100a13,17.82610067
S100a16,14.38879044
S100a4,16.76634726
S100a6,17.17294563
Saa1,9.352125067
Saa2,10.56636725
Sacm1l,18.23289858
Sae1,17.51802926
Safb,16.61855111
Safb2,14.11706327
Samhd1,18.86756933
Samm50,15.43953967
Sap18,16.57858153
Sar1a,15.54477659
Sar1b,15.34995219
Saraf,15.31885447
Sardh,16.12150184
Sarnp,16.05253189
Sars,16.9594396
Sars2,11.88627146
Sart1,17.08194476
Sbds,17.20172516
Sbf1,14.48844251
Scamp1,16.49471125
Scamp2,14.71431667
Scamp3,16.36581313
Scarb1,14.10660523
Scarb2,16.33992344
Sccpdh,14.82997333
Scd1,17.81697003
Scfd1,17.08823064
Sco1,15.17142309
Scp2,19.32642057
Scpep1,17.83219312
Scrib,15.27918554
Scrn2,15.98734789
Scrn3,15.09661134
Scyl2,14.64797944
Sdc4,14.11160529
Sdcbp,11.99260735
Sdf2,13.72310163
Sdha,19.21140524
Sdhaf2,12.63413615
Sdhaf4,13.87109229
Sdhb,18.18774633
Sdhc,13.24124993
Sdhd,14.63114965
Sdpr,20.12174557
Sdr39u1,14.89222404
Sdsl,14.50643146
Sec13,15.31011015
Sec16a,15.59415263
Sec22b,17.35147382
Sec23a,17.65994057
Sec23b,16.9470964
Sec23ip,16.92811634
Sec31a,18.60883966
Sec61a1,16.87976551
Sec61b,14.94967137
Sec62,17.26554383
Sec63,16.97177643
Seh1l,14.84271919
Sel1l,16.25331674
Selenbp1,19.00753389
Selo,14.1161981
Selt,15.31622857
Sephs1,15.55870465
Sephs2,14.59183087
Sepp1,14.79832005
Sepsecs,15.2628726
Sept10,15.57179116
Sept11,17.52145907
Sept2,18.29685591
Sept4,16.19971193
Sept7,18.89356116
Sept8,17.27027527
Sept9,18.09683545
Serbp1,18.07784294
Serf2,15.63605799
Serhl,13.36269042
Serpina1a,21.55784961
Serpina1b,19.08350174
Serpina1d,18.83238367
Serpina1e,18.28805959
Serpina3k,19.72466398
Serpina3m,16.47399156
Serpina3n,18.20985013
Serpina6,16.65665163
Serpinb6,19.28365506
Serpinc1,18.17237376
Serpinf1,17.16135304
Serpinf2,17.97167447
Serping1,16.97502053
Serpinh1,19.20089387
Set,17.32755285
Setd3,15.98613316
Sf1,15.9917804
Sf3a1,17.2116929
Sf3a2,13.77024023
Sf3a3,16.97397597
Sf3b1,18.31711652
Sf3b3,17.60011489
Sfn,17.66902688
Sfpq,18.44232612
Sfr1,15.16792205
Sfxn1,17.42135442
Sfxn2,11.40967345
Sfxn3,17.81670564
Sfxn5,14.74262163
Sgcb,15.99111541
Sgcd,17.34698872
Sgce,15.78738966
Sgpl1,17.53047281
Sgta,17.42451799
Sh2b2,10.94773436
Sh3bgrl,17.32855598
Sh3bgrl3,16.50605406
Sh3glb1,17.45504803
Sh3glb2,16.92406249
Sh3kbp1,17.45908426
Sh3pxd2a,14.10828355
Shank3,15.03332567
Shmt1,13.89185072
Shmt2,16.75526373
Shoc2,14.9349251
Shpk,14.67625174
Sik2,14.96374408
Sipa1,14.65750447
Sipa1l1,13.81468337
Sirt2,15.8335582
Sirt5,14.61725315
Skiv2l2,16.44999947
Skp1,16.63590232
Skt,13.90599393
Slain2,14.51291001
Slc12a4,14.58839163
Slc12a7,12.24490471
Slc12a9,13.31118341
Slc16a1,17.46873237
Slc16a7,13.51595965
Slc1a5,17.80856212
Slc22a3,16.28487078
Slc25a1,17.35214101
Slc25a10,17.46645456
Slc25a11,17.29227429
Slc25a12,16.2656956
Slc25a19,13.14481564
Slc25a20,17.83818019
Slc25a22,16.08992475
Slc25a23,11.92077467
Slc25a24,17.32539926
Slc25a3,18.7366416
Slc25a35,14.34107646
Slc25a4,18.37783757
Slc25a46,14.52663492
Slc25a5,18.33520853
Slc25a51,14.40647403
Slc27a1,17.17532015
Slc27a4,15.20839702
Slc28a2,13.21675286
Slc29a1,15.28773484
Slc35f6,16.02657329
Slc38a10,15.96738714
Slc39a7,16.13369335
Slc3a2,18.12828856
Slc43a2,13.94585555
Slc4a1,18.32679675
Slc6a6,11.09222257
Slc9a3r1,17.59312766
Slc9a3r2,16.33089579
Slirp,11.56115036
Slk,17.33721053
Slmap,15.09512273
Sltm,16.13746729
Smap,14.69915333
Smap1,15.48320317
Smarca4,15.01872635
Smarca5,16.90626906
Smarcb1,14.15399192
Smarcc2,17.29175689
Smc1a,18.00787384
Smc3,17.94440116
Smek1,14.52403078
Smim1,13.56583113
Smpd4,13.8608897
Smyd5,13.23654134
Snap23,16.43532132
Snap29,16.30179129
Snapin,14.88402884
Snca,17.0074624
Sncg,20.94016775
Snd1,18.98851175
Snf8,16.54318593
Snrnp200,17.44045963
Snrnp70,16.76797201
Snrpa,16.86565083
Snrpa1,16.31425313
Snrpb,15.95189839
Snrpb2,15.3519264
Snrpd1,15.30113233
Snrpd2,15.70401729
Snrpf,14.19996747
Snrpg,14.92471078
Snta1,13.33441978
Sntb1,17.4442859
Sntb2,15.76463059
Snx1,18.49293936
Snx12,16.34793429
Snx18,14.46613755
Snx2,18.63182669
Snx27,16.20933035
Snx3,16.88185957
Snx5,18.24112976
Snx6,17.66368683
Snx9,16.90518853
Sod1,17.34355325
Sod2,17.25121922
Sod3,17.48095999
Son,16.89319724
Sorbs1,19.00112591
Sorbs2,16.1684706
Sorbs3,15.70418228
Sord,17.18638246
Sort1,14.47474938
Sowahc,13.14537603
Spag9,17.09972538
Sparc,15.6459347
Sparcl1,15.4876483
Spata5,15.66354039
Spats2,10.075351
Spcs1,15.54135601
Spcs2,16.68429517
Spg20,15.69745041
Spg7,12.66360877
Sppl2a,14.33253008
Spr,16.84652694
Spryd7,15.28944656
Spta1,19.15258646
Sptan1,21.94001729
Sptb,18.99313288
Sptbn1,21.69728228
Sqrdl,17.46394975
Sqstm1,15.42670096
Sra1,16.61392991
Srek1,12.8975626
Srfbp1,11.16508415
Sri,17.04861914
Srm,16.32812895
Srp14,11.72233004
Srp54,16.57443594
Srp68,17.17341391
Srpr,15.76686334
Srprb,16.44627804
Srrm1,15.37361668
Srrm2,17.23465001
Srrt,17.452232
Srsf1,18.14153377
Srsf10,14.51824242
Srsf2,16.23945644
Srsf3,17.04019007
Srsf4,15.92221908
Srsf5,13.65002324
Srsf6,16.48991379
Srsf7,16.94713049
Srsf9,14.374852
Ssb,17.47516716
Ssbp1,15.91387548
Ssfa2,13.52623297
Ssr1,15.48166262
Ssr3,16.71817969
Ssr4,16.15531806
Ssrp1,14.04792882
Ssu72,14.63096336
St13,19.13703735
Stag1,12.68241784
Stam,15.02800136
Stam2,15.80925012
Stat1,19.29829512
Stat3,17.82849334
Stat5b,17.42970543
Stat6,16.62495295
Stau1,15.24500248
Steap4,17.89412617
Stim1,17.89639857
Stim2,12.08205522
Stip1,19.03638899
Stk10,16.94863964
Stk24,15.66024613
Stk3,15.75942385
Stk38,15.71206765
Stk38l,12.48246137
Stmn1,17.2902029
Stom,16.56998945
Stoml2,17.38681145
Strap,17.89701701
Strip1,15.55452437
Strn3,15.1090787
Sts,16.166487
Stt3a,16.78030472
Stt3b,15.64730303
Stub1,16.16697651
Stx12,16.72061086
Stx17,13.21668246
Stx18,15.25288636
Stx3,11.36164968
Stx4,16.90942111
Stx5,15.36019223
Stx7,17.08237762
Stx8,13.49343793
Stxbp1,15.88392916
Stxbp3,17.53124299
Sub1,17.25625828
Sucla2,19.06739796
Suclg1,17.73533814
Suclg2,17.86412867
Sugt1,17.3796509
Sumo1,14.18763769
Sumo2,14.61860317
Sun1,15.21235331
Sun2,16.84876002
Suox,14.73666364
Supt16h,16.66046583
Supt5h,16.20744782
Supv3l1,13.34988788
Susd2,15.24402961
Svil,16.3415675
Swap70,17.43255495
Syap1,17.29170518
Sympk,13.38221483
Syn1,14.79617209
Syncrip,18.04601203
Syne1,14.26040785
Syne2,16.91976945
Synj1,15.62618651
Synj2bp,14.92349666
Synm,16.03542207
Synpo2,16.23394162
Sypl1,15.99762072
Tacc1,16.0289542
Taco1,12.70859322
Tagln,17.51121429
Tagln2,18.53748213
Taldo1,19.40477697
Tanc1,13.72205157
Taok1,9.817248551
Taok3,15.58503313
Tap1,17.36858533
Tap2,17.94027679
Tapbp,17.72949747
Tardbp,17.0254103
Tars,16.69112954
Tars2,10.48166966
Tax1bp3,15.14739017
Tbc1d1,14.57797854
Tbc1d10b,15.16355401
Tbc1d13,15.22482341
Tbc1d15,16.4973681
Tbc1d17,15.52500209
Tbc1d20,12.56174905
Tbc1d22a,13.90457921
Tbc1d4,16.25654535
Tbc1d8b,15.36556127
Tbc1d9b,17.25908952
Tbca,17.73336839
Tbcb,17.61886484
Tbcc,15.26533385
Tbcd,15.51978963
Tbl1x,15.79687443
Tbl2,16.7222555
Tbrg4,14.28402416
Tcea1,15.78277288
Tceb1,16.19368395
Tceb2,17.99228165
Tceb3,13.5212597
Tcerg1,16.31856448
Tcf25,13.32739441
Tcof1,17.44414376
Tcp1,18.17259469
Tdrd3,10.78903207
Tdrp,14.8559908
Tecpr1,13.89421519
Tecr,18.19590674
Tes,12.32091473
Tf,21.70190348
Tfam,15.1578361
Tfe3,13.75038108
Tfip11,14.10855541
Tfrc,16.82927995
Tgfb1i1,14.56110926
Tgfbi,17.63668952
Tgfbr3,14.27638727
Tgm2,19.23048334
Tgoln1,14.70006708
Tgtp1,17.53634432
Thbd,14.07428595
Thoc2,13.34763677
Thoc6,12.85754451
Thop1,17.04961899
Thrap3,18.13595989
Thrsp,15.81704226
Thtpa,13.63334497
Thumpd3,13.82418796
Thy1,15.46887756
Thyn1,13.72825121
Tial1,13.77262503
Timm10,13.93297176
Timm13,14.44821351
Timm17b,13.3706947
Timm22,12.744286
Timm23,11.71890501
Timm44,16.99674971
Timm50,17.15808641
Timmdc1,12.67819742
Tinagl1,16.57328032
Tiprl,15.61342221
Tjp1,18.06305293
Tjp2,16.51303183
Tkt,19.64053504
Tln1,21.44011748
Tln2,19.90466743
Tm9sf2,15.3607655
Tm9sf3,16.32507031
Tm9sf4,15.49671472
Tma7,15.7722437
Tmbim6,12.84765287
Tmcc3,12.03189734
Tmco1,14.65117912
Tmed10,17.13282516
Tmed2,16.45648183
Tmed4,15.43138264
Tmed5,15.10268362
Tmed9,16.63027198
Tmem109,17.29463057
Tmem120a,16.20435582
Tmem126b,12.27225119
Tmem135,11.91801156
Tmem143,10.93912566
Tmem160,12.77561224
Tmem165,15.03210174
Tmem201,12.30920303
Tmem205,16.9505146
Tmem214,15.02399829
Tmem245,15.91307733
Tmem256,10.02742505
Tmem261,13.70016669
Tmem30a,15.34430127
Tmem38b,13.7368814
Tmem41b,13.51674251
Tmem43,18.70948061
Tmem45b,15.72746405
Tmem65,14.84450298
Tmlhe,14.47296365
Tmod1,13.14680238
Tmod3,18.02371764
Tmpo,17.78303702
Tmsb4x,17.54508435
Tmtc3,16.2494074
Tmx1,15.84709582
Tmx2,14.94391271
Tmx3,16.17729087
Tnfaip8,14.84071667
Tnks1bp1,18.62839862
Tnpo1,16.07846144
Tnpo2,13.55221066
Tnrc6b,14.22671423
Tns2,14.85857653
Tns3,17.30540683
Toe1,14.88540254
Tollip,15.56151367
Tom1,15.39187161
Tom1l2,15.59975911
Tomm22,15.20020903
Tomm34,16.16576396
Tomm40,15.40954874
Tomm70a,17.2725671
Top1,15.74011505
Top2b,17.76170382
Top3b,14.3934551
Tor1aip1,17.09897582
Tor1aip2,15.02222425
Tp53rk,14.23474112
Tpd52,16.79405532
Tpd52l2,17.93179832
Tpi1,19.32086512
Tpm1,17.8303035
Tpm3,19.80217372
Tpm4,19.5412632
Tpmt,14.14387034
Tpp1,17.19316394
Tpp2,18.05489127
Tppp,16.61542016
Tppp3,18.41003893
Tpr,18.28320326
Tprg1l,14.48176431
Tpt1,18.204903
Tra2b,15.01639266
Trabd,12.86092861
Tram1,14.31688477
Trap1,18.06146351
Trappc11,14.37681985
Trappc12,15.99363179
Trappc13,14.81308187
Trappc2l,14.27302228
Trappc3,16.16049662
Trappc4,14.75353529
Trappc6b,15.52199762
Trim21,14.09266623
Trim25,15.34051863
Trim28,17.4434733
Trim3,14.58995291
Trim56,14.14318947
Trim66,10.04989315
Triobp,15.71955533
Trip10,16.49215402
Trmt1,10.02295292
Trmt10c,13.16275405
Trnt1,16.7152671
Tsc1,10.85294536
Tsfm,14.62768515
Tsn,17.39552756
Tst,15.20194971
Tsta3,16.30628115
Ttc1,16.25087227
Ttc38,16.21095806
Ttc7b,15.67777973
Ttll12,16.96231957
Ttn,15.8396345
Ttr,18.32031779
Tuba1b,11.39173528
Tuba1c,12.85457893
Tuba4a,14.57604856
Tubb2a,17.41467078
Tubb3,13.25933356
Tubb4b,19.94402653
Tubb5,16.50608958
Tubb6,16.89439657
Tubg2,14.13823297
Tufm,18.62816242
Tusc5,16.0242085
Twf1,17.80822975
Twf2,16.79415632
Txlna,15.40619782
Txlng,13.37836351
Txn,17.99817837
Txndc12,16.64071514
Txndc15,12.93289918
Txndc17,13.93709332
Txndc5,17.67761013
Txnl1,17.34689802
Txnrd1,17.55673773
Txnrd2,16.80284605
U2af1,15.51241033
U2af2,15.84313878
U2surp,14.83669442
Uaca,15.89211758
Uap1l1,17.81723363
Uba1,19.16477353
Uba2,17.07946374
Uba3,15.31007727
Uba5,15.49766233
Uba6,15.82234618
Ubap2,14.31732125
Ubap2l,17.47426257
Ube2d3,15.21896134
Ube2f,13.95770144
Ube2g1,14.67610313
Ube2h,15.18649323
Ube2i,16.13748829
Ube2j1,14.62409751
Ube2k,16.3514534
Ube2l3,16.77254115
Ube2m,17.23394791
Ube2n,17.18495585
Ube2o,13.29272414
Ube2r2,15.08548345
Ube2v1,16.24046649
Ube3a,16.2920408
Ube4a,14.7005604
Ube4b,15.6174029
Ubfd1,16.58651464
Ubl4a,15.60195662
Ubqln2,16.30733895
Ubqln4,13.21183681
Ubr1,14.62455662
Ubr4,17.68209422
Ubr5,14.71988472
Ubtf,15.87745567
Ubxn1,17.06235722
Ubxn4,15.45125018
Ubxn6,15.01871349
Uchl1,15.6520564
Uchl3,16.28422168
Uchl5,15.1733598
Uck1,15.49475366
Uevld,13.97766306
Ufc1,14.52904465
Ufd1l,14.77826224
Ufl1,16.73574628
Ufm1,13.90922509
Ugdh,17.4292091
Uggt1,19.04510186
Ugp2,18.05601578
Unc119b,14.08421993
Upf1,17.58570221
Uqcr10,14.60870045
Uqcrb,17.72338083
Uqcrc1,18.30831057
Uqcrc2,19.08867179
Uqcrfs1,17.51996252
Uqcrh,14.90263616
Uqcrq,16.95727875
Urod,14.6584458
Use1,14.81262181
Usmg5,16.14255262
Uso1,18.39920031
Usp10,14.26937362
Usp14,17.71078749
Usp15,16.07744241
Usp19,15.48896018
Usp24,16.68564309
Usp39,14.29937042
Usp4,16.32577756
Usp47,16.03810548
Usp5,18.13503436
Usp7,16.66703802
Usp8,16.63857317
Usp9x,18.21696635
Uvrag,14.77417937
Vac14,17.61353827
Vamp3,16.61698818
Vamp8,15.50208608
Vapa,17.91995385
Vapb,18.42342922
Vars,18.75152687
Vasp,16.48335262
Vat1,18.64954245
Vat1l,10.645103
Vbp1,15.22445434
Vcl,21.33097492
Vcp,20.04125581
Vcpip1,14.41043501
Vdac1,18.82790287
Vdac2,17.877121
Vdac3,17.23663948
Vim,22.39867624
Vimp,13.12920233
Vipas39,13.74067995
Vma21,14.22779583
Vmp1,13.0698013
Vps11,15.83798767
Vps13a,14.09003257
Vps13c,19.00234234
Vps16,16.24674299
Vps18,16.40729717
Vps25,15.66507857
Vps26a,18.09270303
Vps26b,16.35255926
Vps28,14.14355024
Vps29,17.38975088
Vps35,18.64641935
Vps36,16.3499246
Vps37a,11.52687653
Vps45,16.04192409
Vps4a,16.10076372
Vps4b,16.68840012
Vps52,14.14040148
Vps53,15.53802358
Vrk1,13.64594081
Vta1,16.0555557
Vti1b,15.87609774
Vtn,16.63718267
Vwa5a,18.59804848
Vwa8,17.77131685
Vwf,16.05763479
Wars,18.31828148
Wasf2,16.43559294
Wash1,13.95815543
Wasl,13.55114132
Wdr1,18.9724694
Wdr13,14.5740758
Wdr26,15.41974461
Wdr33,14.46383809
Wdr37,14.70992085
Wdr48,13.61202228
Wdr5,15.8032607
Wdr59,14.337487
Wdr77,13.59275557
Wdr82,14.79342888
Wdr91,14.40724204
Wfs1,15.16484037
Wibg,15.03735203
Wipf2,11.79751813
Wipi2,14.23313448
Wnk1,17.78057994
Wwtr1,10.76371734
Xab2,14.13274767
Xdh,19.17747414
Xpnpep1,16.99868877
Xpnpep3,15.00023675
Xpo1,16.82267239
Xpo7,13.98576843
Xrn1,14.7978629
Yaf2,11.46236796
Yap1,14.85136032
Yars,18.08202483
Yars2,11.7096243
Ybx1,16.5058012
Ybx3,15.23722518
Yes1,16.41614245
Yif1b,14.44454509
Yipf5,14.28928093
Ykt6,17.10510028
Ylpm1,10.75164883
Yme1l1,14.76211113
Ythdc1,13.55805178
Ythdf2,14.0917421
Ythdf3,15.90275591
Ywhab,18.9333487
Ywhae,19.94549302
Ywhag,19.63822919
Ywhah,18.20005353
Ywhaq,18.70265542
Ywhaz,19.04685834
Zadh2,16.56261369
Zak,14.4027652
Zbtb8os,15.69862172
Zc2hc1a,14.81365026
Zc3h11a,13.83179281
Zc3h15,14.0328082
Zc3h18,14.86016861
Zc3h4,14.70189174
Zc3hav1,16.71003942
Zdhhc5,11.84389592
Zfand2b,10.75503801
Zfand6,13.8899265
Zfp219,10.61508478
Zfr,14.40483812
Zmpste24,16.67901184
Znf207,14.93693413
Znf22,10.62393563
Znf326,12.55245617
Znf330,13.49976915
Znf512,12.80362507
Znf598,12.5502078
Znf787,11.40127231
Znfx1,14.37620301
Znrf2,15.16804644
Zranb2,16.1212494
Zscan21,12.52671887
Zyx,17.21430855